Lead_ID,Lead_Date,Lead_Source,Location,Property_Type, Budget ,Call_Attempts,Call_Status,Follow_Up,Site_Visit,Lead_Status,Sales_Value,Budget_Range
L0001,2026-01-01 00:00:00,Google,Thudiyalur,Apartment," 5,765,637.00 ",5,Connected,Yes,No,Follow-up,,50L-80L
L0002,2026-01-01 05:25:46,Referral,periyanayakanpalayam,Apartment," 4,024,374.00 ",5,Connected,Yes,Yes,Follow-up,,30L-50L
L0003,2026-01-01 10:51:32,Property Portal,Saravanampatti,Plot," 4,335,056.00 ",2,Connected,Yes,Yes,Converted,4400000,30L-50L
L0004,2026-01-01 16:17:18,Instagram,Ramanathapuram,Apartment," 6,773,587.00 ",4,Not Connected,Yes,No,Follow-up,,50L-80L
L0005,2026-01-01 21:43:04,Website,panneermadai,Apartment," 3,823,759.00 ",4,Connected,No,No,Lost,,30L-50L
L0006,2026-01-02 03:08:50,Website,Ramanathapuram,Villa," 7,679,328.00 ",6,Connected,Yes,No,Follow-up,,50L-80L
L0007,2026-01-02 08:34:36,Website,Ramanathapuram,Apartment," 4,650,654.00 ",3,Not Connected,No,No,Lost,,30L-50L
L0008,2026-01-02 14:00:22,Property Portal,panneermadai,Villa," 6,092,036.00 ",1,Not Connected,No,No,Lost,,50L-80L
L0009,2026-01-02 19:26:08,Instagram,Thudiyalur,Apartment," 3,853,392.00 ",3,Connected,No,No,Lost,,30L-50L
L0010,2026-01-03 00:51:54,Instagram,periyanayakanpalayam,Apartment," 7,690,457.00 ",3,Connected,Yes,No,Follow-up,,50L-80L
L0011,2026-01-03 06:17:39,Website,Thudiyalur,Apartment," 6,654,693.00 ",3,Not Connected,No,No,Lost,,50L-80L
L0012,2026-01-03 11:43:25,Referral,Saravanampatti,Apartment," 3,293,946.00 ",2,Connected,Yes,No,Follow-up,,30L-50L
L0013,2026-01-03 17:09:11,Property Portal,Saravanampatti,Plot," 2,142,927.00 ",5,Connected,Yes,No,Follow-up,,Below 30L
L0014,2026-01-03 22:34:57,Google,Thudiyalur,Apartment," 4,266,389.00 ",6,Connected,Yes,No,Follow-up,,30L-50L
L0015,2026-01-04 04:00:43,Website,Ramanathapuram,Apartment," 4,388,509.00 ",1,Not Connected,No,No,Lost,,30L-50L
L0016,2026-01-04 09:26:29,Website,Saravanampatti,Apartment," 3,483,779.00 ",1,Connected,Yes,Yes,Follow-up,,30L-50L
L0017,2026-01-04 14:52:15,Google,Thudiyalur,Apartment," 8,994,134.00 ",1,Not Connected,No,No,Lost,,80L-1.2Cr
L0018,2026-01-04 20:18:01,Facebook,periyanayakanpalayam,Plot," 4,123,854.00 ",4,Connected,Yes,Yes,Converted,3900000,30L-50L
L0019,2026-01-05 01:43:47,Facebook,Saravanampatti,Apartment," 4,983,456.00 ",3,Not Connected,Yes,No,Follow-up,,30L-50L
L0020,2026-01-05 07:09:33,Google,Thudiyalur,Villa," 11,879,960.00 ",3,Connected,Yes,Yes,Follow-up,,80L-1.2Cr
L0021,2026-01-05 12:35:19,Instagram,Ramanathapuram,Plot," 5,251,672.00 ",2,Connected,No,No,Lost,,50L-80L
L0022,2026-01-05 18:01:05,Website,Coimbatore,Villa," 7,624,777.00 ",3,Connected,Yes,Yes,Converted,7450000,50L-80L
L0023,2026-01-05 23:26:51,Google,Saravanampatti,Plot," 5,514,266.00 ",2,Connected,Yes,No,Follow-up,,50L-80L
L0024,2026-01-06 04:52:37,Google,Saravanampatti,Apartment," 4,729,578.00 ",2,Connected,No,Yes,Lost,,30L-50L
L0025,2026-01-06 10:18:23,Facebook,Saravanampatti,Apartment," 3,095,556.00 ",4,Connected,Yes,No,Follow-up,,30L-50L
L0026,2026-01-06 15:44:09,Property Portal,periyanayakanpalayam,Apartment," 8,992,357.00 ",6,Connected,No,No,Lost,,80L-1.2Cr
L0027,2026-01-06 21:09:55,Website,Saravanampatti,Villa," 6,652,755.00 ",5,Connected,Yes,No,Converted,6550000,50L-80L
L0028,2026-01-07 02:35:41,Facebook,panneermadai,Plot," 2,929,210.00 ",5,Connected,Yes,Yes,Converted,2800000,Below 30L
L0029,2026-01-07 08:01:26,Instagram,Coimbatore,Apartment," 5,838,951.00 ",2,Not Connected,No,No,Lost,,50L-80L
L0030,2026-01-07 13:27:12,Website,panneermadai,Villa," 7,094,409.00 ",2,Not Connected,No,No,Lost,,50L-80L
L0031,2026-01-07 18:52:58,Instagram,Thudiyalur,Apartment," 6,283,587.00 ",4,Connected,No,Yes,Converted,6200000,50L-80L
L0032,2026-01-08 00:18:44,Website,periyanayakanpalayam,Villa," 7,513,083.00 ",5,Connected,Yes,Yes,Follow-up,,50L-80L
L0033,2026-01-08 05:44:30,Website,Thudiyalur,Apartment," 5,898,950.00 ",1,Not Connected,Yes,No,Follow-up,,50L-80L
L0034,2026-01-08 11:10:16,Referral,Thudiyalur,Plot," 5,522,155.00 ",2,Connected,No,No,Lost,,50L-80L
L0035,2026-01-08 16:36:02,Referral,Thudiyalur,Villa," 9,511,931.00 ",1,Connected,Yes,No,Follow-up,,80L-1.2Cr
L0036,2026-01-08 22:01:48,Property Portal,Ramanathapuram,Apartment," 4,079,525.00 ",3,Connected,No,Yes,Converted,3900000,30L-50L
L0037,2026-01-09 03:27:34,Google,Coimbatore,Apartment," 3,854,568.00 ",2,Connected,Yes,Yes,Converted,3900000,30L-50L
L0038,2026-01-09 08:53:20,Website,Ramanathapuram,Apartment," 3,061,842.00 ",2,Not Connected,No,No,Lost,,30L-50L
L0039,2026-01-09 14:19:06,Instagram,Thudiyalur,Apartment," 4,789,135.00 ",1,Connected,Yes,No,Follow-up,,30L-50L
L0040,2026-01-09 19:44:52,Facebook,Coimbatore,Apartment," 4,630,357.00 ",2,Not Connected,Yes,No,Follow-up,,30L-50L
L0041,2026-01-10 01:10:38,Website,periyanayakanpalayam,Plot," 2,237,090.00 ",5,Connected,Yes,Yes,Converted,2200000,Below 30L
L0042,2026-01-10 06:36:24,Facebook,panneermadai,Villa," 6,787,738.00 ",1,Connected,Yes,No,Follow-up,,50L-80L
L0043,2026-01-10 12:02:10,Website,Coimbatore,Apartment," 4,873,217.00 ",3,Connected,No,No,Lost,,30L-50L
L0044,2026-01-10 17:27:56,Referral,Ramanathapuram,Apartment," 4,761,446.00 ",3,Connected,No,No,Converted,4650000,30L-50L
L0045,2026-01-10 22:53:42,Google,Saravanampatti,Plot," 1,930,179.00 ",5,Connected,Yes,No,Follow-up,,Below 30L
L0046,2026-01-11 04:19:28,Instagram,Ramanathapuram,Villa," 6,280,833.00 ",1,Connected,Yes,Yes,Converted,6600000,50L-80L
L0047,2026-01-11 09:45:14,Google,Thudiyalur,Apartment," 8,409,825.00 ",6,Not Connected,No,No,Lost,,80L-1.2Cr
L0048,2026-01-11 15:10:59,Facebook,Thudiyalur,Villa," 8,283,785.00 ",3,Not Connected,Yes,No,Follow-up,,80L-1.2Cr
L0049,2026-01-11 20:36:45,Facebook,Saravanampatti,Apartment," 5,334,875.00 ",6,Connected,Yes,No,Follow-up,,50L-80L
L0050,2026-01-12 02:02:31,Website,Thudiyalur,Apartment," 5,278,800.00 ",5,Connected,No,No,Lost,,50L-80L
L0051,2026-01-12 07:28:17,Referral,Saravanampatti,Apartment," 4,410,295.00 ",1,Not Connected,No,No,Converted,4300000,30L-50L
L0052,2026-01-12 12:54:03,Property Portal,periyanayakanpalayam,Apartment," 6,458,498.00 ",1,Connected,No,No,Lost,,50L-80L
L0053,2026-01-12 18:19:49,Referral,Saravanampatti,Apartment," 3,841,708.00 ",2,Not Connected,No,Yes,Converted,3700000,30L-50L
L0054,2026-01-12 23:45:35,Property Portal,panneermadai,Plot," 2,608,848.00 ",3,Connected,Yes,No,Follow-up,,Below 30L
L0055,2026-01-13 05:11:21,Instagram,Saravanampatti,Plot," 2,496,358.00 ",1,Connected,Yes,Yes,Converted,2400000,Below 30L
L0056,2026-01-13 10:37:07,Referral,Coimbatore,Villa," 6,253,091.00 ",1,Not Connected,No,No,Lost,,50L-80L
L0057,2026-01-13 16:02:53,Website,panneermadai,Apartment," 7,101,161.00 ",2,Connected,Yes,Yes,Converted,7350000,50L-80L
L0058,2026-01-13 21:28:39,Website,Coimbatore,Apartment," 4,775,050.00 ",1,Not Connected,No,No,Lost,,30L-50L
L0059,2026-01-14 02:54:25,Website,periyanayakanpalayam,Villa," 11,938,854.00 ",1,Not Connected,No,No,Lost,,80L-1.2Cr
L0060,2026-01-14 08:20:11,Google,Ramanathapuram,Apartment," 7,919,921.00 ",2,Connected,Yes,No,Follow-up,,50L-80L
L0061,2026-01-14 13:45:57,Google,Saravanampatti,Apartment," 5,140,795.00 ",1,Connected,Yes,Yes,Converted,5050000,50L-80L
L0062,2026-01-14 19:11:43,Google,Saravanampatti,Apartment," 4,461,666.00 ",2,Not Connected,No,No,Lost,,30L-50L
L0063,2026-01-15 00:37:29,Property Portal,panneermadai,Plot," 6,361,237.00 ",2,Not Connected,Yes,No,Follow-up,,50L-80L
L0064,2026-01-15 06:03:15,Google,Coimbatore,Apartment," 8,334,908.00 ",2,Connected,Yes,No,Follow-up,,80L-1.2Cr
L0065,2026-01-15 11:29:01,Google,Coimbatore,Apartment," 6,633,499.00 ",5,Connected,Yes,No,Follow-up,,50L-80L
L0066,2026-01-15 16:54:46,Facebook,Ramanathapuram,Villa," 9,638,586.00 ",3,Connected,Yes,No,Follow-up,,80L-1.2Cr
L0067,2026-01-15 22:20:32,Website,Thudiyalur,Apartment," 6,544,817.00 ",2,Connected,No,No,Lost,,50L-80L
L0068,2026-01-16 03:46:18,Property Portal,Thudiyalur,Apartment," 5,639,753.00 ",2,Not Connected,Yes,No,Follow-up,,50L-80L
L0069,2026-01-16 09:12:04,Website,Coimbatore,Apartment," 3,796,883.00 ",4,Connected,Yes,No,Follow-up,,30L-50L
L0070,2026-01-16 14:37:50,Referral,Coimbatore,Apartment," 3,796,710.00 ",5,Not Connected,No,No,Lost,,30L-50L
L0071,2026-01-16 20:03:36,Property Portal,Coimbatore,Villa," 8,220,182.00 ",5,Connected,Yes,Yes,Follow-up,,80L-1.2Cr
L0072,2026-01-17 01:29:22,Website,Thudiyalur,Apartment," 3,316,462.00 ",3,Connected,Yes,No,Converted,3300000,30L-50L
L0073,2026-01-17 06:55:08,Website,Thudiyalur,Apartment," 3,060,128.00 ",1,Connected,Yes,No,Follow-up,,30L-50L
L0074,2026-01-17 12:20:54,Property Portal,Thudiyalur,Plot," 2,782,116.00 ",2,Connected,Yes,No,Follow-up,,Below 30L
L0075,2026-01-17 17:46:40,Instagram,Saravanampatti,Plot," 1,652,353.00 ",1,Not Connected,Yes,No,Follow-up,,Below 30L
L0076,2026-01-17 23:12:26,Instagram,Coimbatore,Plot," 2,838,306.00 ",5,Connected,Yes,No,Follow-up,,Below 30L
L0077,2026-01-18 04:38:12,Property Portal,Coimbatore,Apartment," 3,086,346.00 ",3,Connected,Yes,No,Follow-up,,30L-50L
L0078,2026-01-18 10:03:58,Website,Ramanathapuram,Apartment," 5,058,686.00 ",4,Connected,Yes,Yes,Converted,4750000,50L-80L
L0079,2026-01-18 15:29:44,Google,Thudiyalur,Plot," 7,582,154.00 ",2,Connected,No,Yes,Lost,,50L-80L
L0080,2026-01-18 20:55:30,Website,Saravanampatti,Villa," 14,026,111.00 ",4,Connected,Yes,Yes,Converted,13900000,Above 1.2Cr
L0081,2026-01-19 02:21:16,Property Portal,panneermadai,Apartment," 4,900,827.00 ",2,Connected,Yes,No,Follow-up,,30L-50L
L0082,2026-01-19 07:47:02,Instagram,Thudiyalur,Apartment," 3,637,431.00 ",1,Connected,Yes,No,Follow-up,,30L-50L
L0083,2026-01-19 13:12:48,Google,Coimbatore,Apartment," 3,362,441.00 ",2,Connected,No,No,Lost,,30L-50L
L0084,2026-01-19 18:38:34,Website,Saravanampatti,Plot," 4,836,023.00 ",3,Connected,No,No,Lost,,30L-50L
L0085,2026-01-20 00:04:19,Google,Saravanampatti,Apartment," 6,445,326.00 ",2,Connected,No,No,Lost,,50L-80L
L0086,2026-01-20 05:30:05,Google,periyanayakanpalayam,Apartment," 4,008,109.00 ",5,Connected,Yes,No,Follow-up,,30L-50L
L0087,2026-01-20 10:55:51,Instagram,Ramanathapuram,Apartment," 3,698,876.00 ",1,Connected,Yes,No,Follow-up,,30L-50L
L0088,2026-01-20 16:21:37,Instagram,Thudiyalur,Villa," 9,556,601.00 ",3,Not Connected,Yes,No,Follow-up,,80L-1.2Cr
L0089,2026-01-20 21:47:23,Property Portal,Saravanampatti,Plot," 2,723,451.00 ",3,Not Connected,No,No,Lost,,Below 30L
L0090,2026-01-21 03:13:09,Facebook,Thudiyalur,Apartment," 8,427,717.00 ",2,Connected,Yes,Yes,Follow-up,,80L-1.2Cr
L0091,2026-01-21 08:38:55,Website,Saravanampatti,Villa," 9,692,504.00 ",4,Connected,No,No,Lost,,80L-1.2Cr
L0092,2026-01-21 14:04:41,Instagram,Ramanathapuram,Plot," 3,887,554.00 ",4,Connected,Yes,Yes,Follow-up,,30L-50L
L0093,2026-01-21 19:30:27,Property Portal,Ramanathapuram,Apartment," 5,946,251.00 ",4,Connected,Yes,Yes,Converted,5700000,50L-80L
L0094,2026-01-22 00:56:13,Facebook,periyanayakanpalayam,Apartment," 5,131,526.00 ",5,Connected,Yes,No,Follow-up,,50L-80L
L0095,2026-01-22 06:21:59,Property Portal,Thudiyalur,Apartment," 3,698,787.00 ",4,Connected,Yes,No,Follow-up,,30L-50L
L0096,2026-01-22 11:47:45,Facebook,Thudiyalur,Villa," 11,651,397.00 ",1,Connected,Yes,No,Follow-up,,80L-1.2Cr
L0097,2026-01-22 17:13:31,Facebook,Thudiyalur,Villa," 10,408,242.00 ",4,Connected,Yes,Yes,Converted,10550000,80L-1.2Cr
L0098,2026-01-22 22:39:17,Facebook,Thudiyalur,Villa," 10,178,998.00 ",2,Connected,No,No,Lost,,80L-1.2Cr
L0099,2026-01-23 04:05:03,Website,panneermadai,Villa," 9,413,082.00 ",1,Connected,Yes,Yes,Follow-up,,80L-1.2Cr
L0100,2026-01-23 09:30:49,Website,Coimbatore,Apartment," 4,137,411.00 ",1,Connected,No,Yes,Lost,,30L-50L
L0101,2026-01-23 14:56:35,Website,Thudiyalur,Plot," 4,745,031.00 ",4,Connected,Yes,Yes,Converted,4900000,30L-50L
L0102,2026-01-23 20:22:21,Instagram,Saravanampatti,Apartment," 3,293,851.00 ",4,Connected,Yes,Yes,Follow-up,,30L-50L
L0103,2026-01-24 01:48:06,Google,Saravanampatti,Apartment," 4,205,046.00 ",1,Connected,No,Yes,Converted,4250000,30L-50L
L0104,2026-01-24 07:13:52,Facebook,Saravanampatti,Villa," 11,722,438.00 ",4,Connected,No,No,Lost,,80L-1.2Cr
L0105,2026-01-24 12:39:38,Referral,Saravanampatti,Villa," 10,522,785.00 ",5,Connected,Yes,Yes,Follow-up,,80L-1.2Cr
L0106,2026-01-24 18:05:24,Google,Thudiyalur,Apartment," 8,872,949.00 ",1,Connected,No,No,Lost,,80L-1.2Cr
L0107,2026-01-24 23:31:10,Facebook,Coimbatore,Plot," 2,270,692.00 ",1,Connected,No,Yes,Lost,,Below 30L
L0108,2026-01-25 04:56:56,Property Portal,panneermadai,Plot," 3,637,788.00 ",4,Connected,No,No,Lost,,30L-50L
L0109,2026-01-25 10:22:42,Google,Ramanathapuram,Apartment," 5,972,967.00 ",2,Connected,Yes,No,Follow-up,,50L-80L
L0110,2026-01-25 15:48:28,Website,Thudiyalur,Plot," 4,358,127.00 ",3,Connected,No,No,Lost,,30L-50L
L0111,2026-01-25 21:14:14,Google,panneermadai,Apartment," 4,844,867.00 ",1,Connected,No,No,Lost,,30L-50L
L0112,2026-01-26 02:40:00,Website,Thudiyalur,Apartment," 5,152,417.00 ",2,Connected,No,No,Lost,,50L-80L
L0113,2026-01-26 08:05:46,Referral,Thudiyalur,Apartment," 3,676,585.00 ",4,Not Connected,No,No,Lost,,30L-50L
L0114,2026-01-26 13:31:32,Property Portal,periyanayakanpalayam,Plot," 4,892,629.00 ",3,Connected,Yes,Yes,Converted,4950000,30L-50L
L0115,2026-01-26 18:57:18,Instagram,periyanayakanpalayam,Villa," 10,492,570.00 ",4,Connected,Yes,No,Follow-up,,80L-1.2Cr
L0116,2026-01-27 00:23:04,Property Portal,periyanayakanpalayam,Apartment," 5,489,337.00 ",5,Not Connected,No,No,Lost,,50L-80L
L0117,2026-01-27 05:48:50,Property Portal,Thudiyalur,Apartment," 5,529,934.00 ",4,Not Connected,No,No,Lost,,50L-80L
L0118,2026-01-27 11:14:36,Website,Saravanampatti,Villa," 17,160,325.00 ",3,Connected,Yes,Yes,Converted,16950000,Above 1.2Cr
L0119,2026-01-27 16:40:22,Property Portal,Thudiyalur,Apartment," 4,129,833.00 ",1,Connected,Yes,Yes,Converted,4200000,30L-50L
L0120,2026-01-27 22:06:08,Facebook,Thudiyalur,Plot," 2,952,879.00 ",3,Connected,No,No,Lost,,Below 30L
L0121,2026-01-28 03:31:54,Property Portal,Unknown,Plot," 5,124,117.00 ",1,Connected,Yes,Yes,Follow-up,,50L-80L
L0122,2026-01-28 08:57:39,Property Portal,Saravanampatti,Apartment," 8,614,566.00 ",4,Connected,Yes,No,Follow-up,,80L-1.2Cr
L0123,2026-01-28 14:23:25,Google,Saravanampatti,Plot," 3,870,947.00 ",2,Connected,Yes,Yes,Converted,3750000,30L-50L
L0124,2026-01-28 19:49:11,Website,panneermadai,Apartment," 3,493,992.00 ",3,Connected,Yes,No,Follow-up,,30L-50L
L0125,2026-01-29 01:14:57,Google,Ramanathapuram,Plot," 5,785,834.00 ",2,Not Connected,No,No,Lost,,50L-80L
L0126,2026-01-29 06:40:43,Facebook,periyanayakanpalayam,Villa," 16,429,900.00 ",4,Not Connected,No,No,Lost,,Above 1.2Cr
L0127,2026-01-29 12:06:29,Property Portal,Thudiyalur,Villa," 13,327,043.00 ",5,Connected,Yes,No,Follow-up,,Above 1.2Cr
L0128,2026-01-29 17:32:15,Property Portal,Coimbatore,Apartment," 3,289,662.00 ",2,Connected,Yes,Yes,Follow-up,,30L-50L
L0129,2026-01-29 22:58:01,Website,Coimbatore,Plot," 3,898,333.00 ",5,Connected,Yes,Yes,Converted,3900000,30L-50L
L0130,2026-01-30 04:23:47,Facebook,Thudiyalur,Apartment," 6,428,791.00 ",2,Not Connected,No,No,Lost,,50L-80L
L0131,2026-01-30 09:49:33,Facebook,Ramanathapuram,Apartment," 3,437,805.00 ",3,Connected,Yes,No,Follow-up,,30L-50L
L0132,2026-01-30 15:15:19,Google,periyanayakanpalayam,Apartment," 3,509,551.00 ",5,Connected,Yes,No,Follow-up,,30L-50L
L0133,2026-01-30 20:41:05,Website,Thudiyalur,Villa," 7,054,096.00 ",2,Connected,Yes,No,Follow-up,,50L-80L
L0134,2026-01-31 02:06:51,Google,Thudiyalur,Apartment," 5,270,645.00 ",6,Connected,No,No,Lost,,50L-80L
L0135,2026-01-31 07:32:37,Referral,Ramanathapuram,Villa," 10,087,820.00 ",1,Connected,Yes,Yes,Converted,9600000,80L-1.2Cr
L0136,2026-01-31 12:58:23,Google,Thudiyalur,Plot," 3,987,798.00 ",1,Not Connected,No,No,Lost,,30L-50L
L0137,2026-01-31 18:24:09,Facebook,panneermadai,Apartment," 4,564,926.00 ",5,Connected,No,No,Lost,,30L-50L
L0138,2026-01-31 23:49:55,Instagram,periyanayakanpalayam,Villa," 6,990,121.00 ",1,Connected,Yes,Yes,Follow-up,,50L-80L
L0139,2026-02-01 05:15:41,Google,periyanayakanpalayam,Apartment," 8,225,050.00 ",6,Connected,Yes,Yes,Converted,7650000,80L-1.2Cr
L0140,2026-02-01 10:41:26,Referral,periyanayakanpalayam,Plot," 1,983,442.00 ",6,Connected,Yes,Yes,Converted,1950000,Below 30L
L0141,2026-02-01 16:07:12,Referral,panneermadai,Plot," 2,279,976.00 ",1,Not Connected,No,No,Lost,,Below 30L
L0142,2026-02-01 21:32:58,Google,Coimbatore,Apartment," 4,009,869.00 ",3,Not Connected,No,No,Lost,,30L-50L
L0143,2026-02-02 02:58:44,Facebook,Ramanathapuram,Villa," 8,428,462.00 ",1,Not Connected,No,No,Lost,,80L-1.2Cr
L0144,2026-02-02 08:24:30,Google,periyanayakanpalayam,Apartment," 4,360,018.00 ",2,Not Connected,Yes,No,Converted,4250000,30L-50L
L0145,2026-02-02 13:50:16,Google,Thudiyalur,Apartment," 3,579,223.00 ",1,Connected,Yes,Yes,Converted,3400000,30L-50L
L0146,2026-02-02 19:16:02,Website,Saravanampatti,Plot," 4,021,437.00 ",1,Connected,Yes,Yes,Converted,4100000,30L-50L
L0147,2026-02-03 00:41:48,Instagram,panneermadai,Apartment," 4,002,429.00 ",2,Connected,Yes,Yes,Converted,3700000,30L-50L
L0148,2026-02-03 06:07:34,Facebook,Ramanathapuram,Apartment," 7,649,123.00 ",2,Not Connected,No,Yes,Lost,,50L-80L
L0149,2026-02-03 11:33:20,Website,panneermadai,Apartment," 5,258,762.00 ",6,Connected,No,Yes,Lost,,50L-80L
L0150,2026-02-03 16:59:06,Google,Saravanampatti,Plot," 1,984,273.00 ",4,Connected,No,Yes,Converted,1900000,Below 30L
L0151,2026-02-03 22:24:52,Referral,Ramanathapuram,Apartment," 4,282,188.00 ",4,Connected,Yes,Yes,Converted,4350000,30L-50L
L0152,2026-02-04 03:50:38,Google,panneermadai,Apartment," 8,903,234.00 ",3,Connected,Yes,Yes,Converted,8700000,80L-1.2Cr
L0153,2026-02-04 09:16:24,Website,Ramanathapuram,Villa," 6,688,332.00 ",4,Connected,Yes,No,Follow-up,,50L-80L
L0154,2026-02-04 14:42:10,Facebook,Ramanathapuram,Plot," 3,422,133.00 ",2,Not Connected,No,No,Lost,,30L-50L
L0155,2026-02-04 20:07:56,Referral,Ramanathapuram,Apartment," 4,256,348.00 ",4,Connected,Yes,No,Converted,4300000,30L-50L
L0156,2026-02-05 01:33:42,Google,panneermadai,Apartment," 3,769,305.00 ",6,Connected,No,No,Lost,,30L-50L
L0157,2026-02-05 06:59:28,Instagram,Thudiyalur,Apartment," 4,620,077.00 ",2,Not Connected,Yes,No,Follow-up,,30L-50L
L0158,2026-02-05 12:25:14,Property Portal,Saravanampatti,Apartment," 3,717,104.00 ",3,Connected,Yes,Yes,Follow-up,,30L-50L
L0159,2026-02-05 17:50:59,Google,Saravanampatti,Apartment," 4,661,082.00 ",4,Not Connected,No,No,Lost,,30L-50L
L0160,2026-02-05 23:16:45,Instagram,Thudiyalur,Villa," 9,901,653.00 ",5,Connected,Yes,Yes,Converted,9850000,80L-1.2Cr
L0161,2026-02-06 04:42:31,Google,panneermadai,Villa," 8,536,414.00 ",4,Connected,Yes,Yes,Converted,8900000,80L-1.2Cr
L0162,2026-02-06 10:08:17,Instagram,Thudiyalur,Villa," 11,448,633.00 ",2,Not Connected,Yes,No,Follow-up,,80L-1.2Cr
L0163,2026-02-06 15:34:03,Instagram,Coimbatore,Apartment," 6,236,067.00 ",2,Connected,Yes,Yes,Follow-up,,50L-80L
L0164,2026-02-06 20:59:49,Facebook,panneermadai,Plot," 3,036,469.00 ",1,Connected,Yes,Yes,Follow-up,,30L-50L
L0165,2026-02-07 02:25:35,Website,Thudiyalur,Apartment," 4,227,545.00 ",4,Connected,Yes,Yes,Converted,4200000,30L-50L
L0166,2026-02-07 07:51:21,Property Portal,panneermadai,Plot," 2,415,480.00 ",1,Connected,Yes,No,Follow-up,,Below 30L
L0167,2026-02-07 13:17:07,Google,panneermadai,Villa," 8,542,057.00 ",5,Connected,No,No,Lost,,80L-1.2Cr
L0168,2026-02-07 18:42:53,Website,periyanayakanpalayam,Apartment," 5,273,953.00 ",1,Connected,No,No,Lost,,50L-80L
L0169,2026-02-08 00:08:39,Website,Thudiyalur,Villa," 9,132,406.00 ",1,Connected,No,Yes,Converted,8400000,80L-1.2Cr
L0170,2026-02-08 05:34:25,Instagram,Coimbatore,Apartment," 5,493,779.00 ",2,Connected,No,No,Lost,,50L-80L
L0171,2026-02-08 11:00:11,Instagram,Ramanathapuram,Villa," 7,514,101.00 ",4,Connected,Yes,Yes,Converted,7250000,50L-80L
L0172,2026-02-08 16:25:57,Website,Saravanampatti,Apartment," 5,025,006.00 ",1,Not Connected,Yes,No,Follow-up,,50L-80L
L0173,2026-02-08 21:51:43,Facebook,Ramanathapuram,Apartment," 5,729,459.00 ",2,Not Connected,No,No,Lost,,50L-80L
L0174,2026-02-09 03:17:29,Google,Thudiyalur,Plot," 7,102,147.00 ",2,Connected,Yes,Yes,Converted,6650000,50L-80L
L0175,2026-02-09 08:43:15,Instagram,Ramanathapuram,Apartment," 3,306,093.00 ",1,Connected,Yes,Yes,Converted,3450000,30L-50L
L0176,2026-02-09 14:09:01,Website,periyanayakanpalayam,Plot," 2,852,935.00 ",1,Connected,No,No,Lost,,Below 30L
L0177,2026-02-09 19:34:46,Instagram,panneermadai,Apartment," 3,516,479.00 ",4,Connected,Yes,Yes,Follow-up,,30L-50L
L0178,2026-02-10 01:00:32,Google,Thudiyalur,Villa," 8,436,831.00 ",3,Connected,Yes,Yes,Follow-up,,80L-1.2Cr
L0179,2026-02-10 06:26:18,Referral,panneermadai,Villa," 6,355,054.00 ",1,Not Connected,No,No,Converted,5950000,50L-80L
L0180,2026-02-10 11:52:04,Website,periyanayakanpalayam,Apartment," 5,755,716.00 ",4,Connected,No,No,Lost,,50L-80L
L0181,2026-02-10 17:17:50,Google,Saravanampatti,Apartment," 5,251,732.00 ",6,Connected,Yes,Yes,Converted,5100000,50L-80L
L0182,2026-02-10 22:43:36,Website,Coimbatore,Apartment," 6,110,413.00 ",3,Connected,No,No,Lost,,50L-80L
L0183,2026-02-11 04:09:22,Referral,Ramanathapuram,Apartment," 5,292,909.00 ",3,Connected,No,No,Lost,,50L-80L
L0184,2026-02-11 09:35:08,Property Portal,Saravanampatti,Apartment," 6,075,247.00 ",5,Connected,No,No,Lost,,50L-80L
L0185,2026-02-11 15:00:54,Google,Thudiyalur,Villa," 6,700,636.00 ",6,Connected,No,No,Lost,,50L-80L
L0186,2026-02-11 20:26:40,Instagram,Saravanampatti,Plot," 4,552,093.00 ",4,Not Connected,No,No,Lost,,30L-50L
L0187,2026-02-12 01:52:26,Property Portal,Ramanathapuram,Plot," 2,270,050.00 ",2,Connected,Yes,Yes,Follow-up,,Below 30L
L0188,2026-02-12 07:18:12,Facebook,Thudiyalur,Villa," 7,988,415.00 ",3,Not Connected,No,No,Lost,,50L-80L
L0189,2026-02-12 12:43:58,Facebook,Coimbatore,Villa," 10,989,271.00 ",4,Connected,Yes,Yes,Follow-up,,80L-1.2Cr
L0190,2026-02-12 18:09:44,Google,Ramanathapuram,Villa," 7,594,874.00 ",1,Connected,Yes,No,Follow-up,,50L-80L
L0191,2026-02-12 23:35:30,Website,Thudiyalur,Apartment," 4,441,246.00 ",2,Connected,No,No,Lost,,30L-50L
L0192,2026-02-13 05:01:16,Property Portal,periyanayakanpalayam,Plot," 3,270,171.00 ",4,Connected,Yes,No,Converted,3100000,30L-50L
L0193,2026-02-13 10:27:02,Referral,Coimbatore,Villa," 7,344,385.00 ",3,Connected,No,Yes,Converted,7550000,50L-80L
L0194,2026-02-13 15:52:48,Instagram,Ramanathapuram,Villa," 11,038,033.00 ",2,Connected,Yes,No,Follow-up,,80L-1.2Cr
L0195,2026-02-13 21:18:34,Google,Thudiyalur,Apartment," 3,656,030.00 ",3,Not Connected,Yes,Yes,Follow-up,,30L-50L
L0196,2026-02-14 02:44:19,Google,Saravanampatti,Apartment," 5,997,405.00 ",1,Connected,No,No,Lost,,50L-80L
L0197,2026-02-14 08:10:05,Instagram,Saravanampatti,Apartment," 4,365,039.00 ",2,Connected,Yes,No,Converted,4200000,30L-50L
L0198,2026-02-14 13:35:51,Property Portal,Saravanampatti,Plot," 2,744,360.00 ",4,Not Connected,Yes,No,Follow-up,,Below 30L
L0199,2026-02-14 19:01:37,Property Portal,panneermadai,Apartment," 5,452,165.00 ",1,Not Connected,No,No,Lost,,50L-80L
L0200,2026-02-15 00:27:23,Property Portal,Thudiyalur,Apartment," 4,952,414.00 ",1,Not Connected,No,No,Lost,,30L-50L
L0201,2026-02-15 05:53:09,Instagram,panneermadai,Plot," 4,846,586.00 ",6,Connected,Yes,No,Follow-up,,30L-50L
L0202,2026-02-15 11:18:55,Website,Thudiyalur,Apartment," 5,612,549.00 ",1,Not Connected,No,No,Lost,,50L-80L
L0203,2026-02-15 16:44:41,Website,Thudiyalur,Apartment," 4,482,795.00 ",2,Connected,Yes,Yes,Follow-up,,30L-50L
L0204,2026-02-15 22:10:27,Property Portal,Coimbatore,Apartment," 6,421,607.00 ",6,Connected,No,No,Lost,,50L-80L
L0205,2026-02-16 03:36:13,Instagram,periyanayakanpalayam,Villa," 9,715,359.00 ",4,Connected,No,Yes,Lost,,80L-1.2Cr
L0206,2026-02-16 09:01:59,Website,panneermadai,Plot," 7,043,322.00 ",3,Connected,Yes,Yes,Follow-up,,50L-80L
L0207,2026-02-16 14:27:45,Website,Ramanathapuram,Apartment," 8,542,755.00 ",5,Connected,Yes,Yes,Follow-up,,80L-1.2Cr
L0208,2026-02-16 19:53:31,Instagram,periyanayakanpalayam,Plot," 1,697,097.00 ",1,Connected,No,Yes,Lost,,Below 30L
L0209,2026-02-17 01:19:17,Website,Thudiyalur,Apartment," 4,788,214.00 ",4,Connected,Yes,No,Converted,5000000,30L-50L
L0210,2026-02-17 06:45:03,Website,Saravanampatti,Plot," 4,133,388.00 ",3,Connected,Yes,No,Follow-up,,30L-50L
L0211,2026-02-17 12:10:49,Facebook,Coimbatore,Villa," 10,977,325.00 ",4,Connected,Yes,No,Converted,10150000,80L-1.2Cr
L0212,2026-02-17 17:36:35,Instagram,periyanayakanpalayam,Plot," 3,454,152.00 ",3,Not Connected,Yes,No,Follow-up,,30L-50L
L0213,2026-02-17 23:02:21,Instagram,Thudiyalur,Apartment," 5,849,433.00 ",3,Not Connected,No,No,Lost,,50L-80L
L0214,2026-02-18 04:28:06,Google,panneermadai,Plot," 1,795,866.00 ",2,Connected,Yes,Yes,Follow-up,,Below 30L
L0215,2026-02-18 09:53:52,Instagram,Ramanathapuram,Villa," 17,155,116.00 ",2,Not Connected,No,No,Lost,,Above 1.2Cr
L0216,2026-02-18 15:19:38,Google,Thudiyalur,Apartment," 5,832,560.00 ",4,Connected,Yes,No,Follow-up,,50L-80L
L0217,2026-02-18 20:45:24,Google,Thudiyalur,Plot," 1,549,522.00 ",3,Connected,Yes,Yes,Follow-up,,Below 30L
L0218,2026-02-19 02:11:10,Property Portal,Ramanathapuram,Apartment," 5,921,970.00 ",3,Connected,Yes,No,Follow-up,,50L-80L
L0219,2026-02-19 07:36:56,Instagram,Ramanathapuram,Plot," 6,815,921.00 ",2,Not Connected,No,No,Lost,,50L-80L
L0220,2026-02-19 13:02:42,Property Portal,Thudiyalur,Apartment," 3,207,352.00 ",3,Not Connected,No,No,Lost,,30L-50L
L0221,2026-02-19 18:28:28,Instagram,Saravanampatti,Villa," 6,798,658.00 ",4,Connected,Yes,Yes,Converted,6350000,50L-80L
L0222,2026-02-19 23:54:14,Facebook,Thudiyalur,Apartment," 5,758,625.00 ",4,Connected,Yes,Yes,Converted,5450000,50L-80L
L0223,2026-02-20 05:20:00,Website,Coimbatore,Apartment," 5,505,536.00 ",3,Connected,Yes,Yes,Converted,5650000,50L-80L
L0224,2026-02-20 10:45:46,Google,Saravanampatti,Apartment," 4,310,073.00 ",5,Connected,No,No,Lost,,30L-50L
L0225,2026-02-20 16:11:32,Google,Coimbatore,Apartment," 3,379,747.00 ",4,Connected,No,No,Lost,,30L-50L
L0226,2026-02-20 21:37:18,Google,Ramanathapuram,Apartment," 5,152,874.00 ",3,Connected,Yes,No,Follow-up,,50L-80L
L0227,2026-02-21 03:03:04,Referral,Coimbatore,Apartment," 6,041,327.00 ",3,Connected,Yes,No,Follow-up,,50L-80L
L0228,2026-02-21 08:28:50,Google,Thudiyalur,Villa," 8,968,759.00 ",5,Not Connected,Yes,No,Follow-up,,80L-1.2Cr
L0229,2026-02-21 13:54:36,Property Portal,Saravanampatti,Apartment," 8,971,896.00 ",3,Connected,Yes,Yes,Converted,9300000,80L-1.2Cr
L0230,2026-02-21 19:20:22,Instagram,Coimbatore,Apartment," 3,937,828.00 ",4,Not Connected,No,No,Converted,3650000,30L-50L
L0231,2026-02-22 00:46:08,Property Portal,Saravanampatti,Villa," 9,434,049.00 ",3,Connected,Yes,No,Follow-up,,80L-1.2Cr
L0232,2026-02-22 06:11:54,Facebook,Thudiyalur,Apartment," 3,528,036.00 ",3,Connected,Yes,No,Follow-up,,30L-50L
L0233,2026-02-22 11:37:39,Facebook,Thudiyalur,Plot," 2,367,196.00 ",1,Connected,Yes,No,Follow-up,,Below 30L
L0234,2026-02-22 17:03:25,Facebook,Thudiyalur,Plot," 5,999,075.00 ",2,Connected,No,No,Lost,,50L-80L
L0235,2026-02-22 22:29:11,Website,Ramanathapuram,Villa," 9,174,620.00 ",6,Connected,Yes,Yes,Follow-up,,80L-1.2Cr
L0236,2026-02-23 03:54:57,Instagram,Coimbatore,Villa," 8,444,975.00 ",3,Connected,Yes,No,Follow-up,,80L-1.2Cr
L0237,2026-02-23 09:20:43,Google,Saravanampatti,Plot," 1,675,607.00 ",3,Connected,Yes,No,Follow-up,,Below 30L
L0238,2026-02-23 14:46:29,Website,periyanayakanpalayam,Apartment," 3,352,156.00 ",5,Connected,Yes,Yes,Follow-up,,30L-50L
L0239,2026-02-23 20:12:15,Instagram,Saravanampatti,Apartment," 4,151,052.00 ",3,Connected,Yes,No,Follow-up,,30L-50L
L0240,2026-02-24 01:38:01,Website,Thudiyalur,Apartment," 5,121,826.00 ",3,Connected,Yes,No,Follow-up,,50L-80L
L0241,2026-02-24 07:03:47,Referral,Saravanampatti,Villa," 9,417,473.00 ",4,Connected,No,Yes,Lost,,80L-1.2Cr
L0242,2026-02-24 12:29:33,Referral,panneermadai,Apartment," 6,052,128.00 ",4,Connected,Yes,No,Follow-up,,50L-80L
L0243,2026-02-24 17:55:19,Referral,panneermadai,Villa," 14,062,363.00 ",1,Connected,Yes,No,Follow-up,,Above 1.2Cr
L0244,2026-02-24 23:21:05,Google,panneermadai,Plot," 7,007,339.00 ",2,Not Connected,Yes,No,Follow-up,,50L-80L
L0245,2026-02-25 04:46:51,Website,panneermadai,Plot," 7,434,139.00 ",2,Connected,Yes,No,Follow-up,,50L-80L
L0246,2026-02-25 10:12:37,Referral,Ramanathapuram,Apartment," 4,985,834.00 ",2,Connected,No,No,Lost,,30L-50L
L0247,2026-02-25 15:38:23,Facebook,Thudiyalur,Apartment," 3,023,386.00 ",3,Connected,Yes,Yes,Follow-up,,30L-50L
L0248,2026-02-25 21:04:09,Referral,Thudiyalur,Plot," 2,839,022.00 ",2,Connected,No,Yes,Converted,2600000,Below 30L
L0249,2026-02-26 02:29:55,Referral,Saravanampatti,Villa," 6,849,776.00 ",1,Connected,Yes,Yes,Converted,6950000,50L-80L
L0250,2026-02-26 07:55:41,Property Portal,Ramanathapuram,Apartment," 6,969,451.00 ",2,Not Connected,No,No,Lost,,50L-80L
L0251,2026-02-26 13:21:26,Google,panneermadai,Apartment," 3,201,202.00 ",1,Not Connected,No,No,Lost,,30L-50L
L0252,2026-02-26 18:47:12,Google,periyanayakanpalayam,Plot," 1,614,589.00 ",3,Connected,Yes,Yes,Converted,1500000,Below 30L
L0253,2026-02-27 00:12:58,Property Portal,Thudiyalur,Villa," 6,193,839.00 ",5,Connected,Yes,Yes,Converted,5800000,50L-80L
L0254,2026-02-27 05:38:44,Google,Thudiyalur,Plot," 2,006,453.00 ",4,Connected,Yes,Yes,Follow-up,,Below 30L
L0255,2026-02-27 11:04:30,Website,Ramanathapuram,Plot," 2,329,901.00 ",2,Connected,No,No,Lost,,Below 30L
L0256,2026-02-27 16:30:16,Facebook,Coimbatore,Villa," 16,640,177.00 ",1,Connected,No,No,Lost,,Above 1.2Cr
L0257,2026-02-27 21:56:02,Referral,Thudiyalur,Apartment," 6,062,528.00 ",1,Connected,Yes,No,Follow-up,,50L-80L
L0258,2026-02-28 03:21:48,Instagram,periyanayakanpalayam,Apartment," 3,439,503.00 ",3,Connected,Yes,No,Follow-up,,30L-50L
L0259,2026-02-28 08:47:34,Facebook,Thudiyalur,Apartment," 3,096,393.00 ",1,Not Connected,No,No,Lost,,30L-50L
L0260,2026-02-28 14:13:20,Website,periyanayakanpalayam,Apartment," 3,595,484.00 ",3,Connected,No,No,Lost,,30L-50L
L0261,2026-02-28 19:39:06,Instagram,Thudiyalur,Villa," 9,978,082.00 ",1,Connected,Yes,No,Follow-up,,80L-1.2Cr
L0262,2026-03-01 01:04:52,Referral,panneermadai,Villa," 10,899,147.00 ",4,Not Connected,No,No,Lost,,80L-1.2Cr
L0263,2026-03-01 06:30:38,Website,Coimbatore,Plot," 3,638,000.00 ",2,Connected,No,Yes,Converted,3350000,30L-50L
L0264,2026-03-01 11:56:24,Facebook,periyanayakanpalayam,Apartment," 6,422,968.00 ",1,Not Connected,No,No,Lost,,50L-80L
L0265,2026-03-01 17:22:10,Property Portal,Thudiyalur,Villa," 7,684,449.00 ",4,Connected,Yes,Yes,Converted,7100000,50L-80L
L0266,2026-03-01 22:47:56,Property Portal,Thudiyalur,Villa," 7,433,284.00 ",2,Connected,No,No,Lost,,50L-80L
L0267,2026-03-02 04:13:42,Instagram,Coimbatore,Villa," 10,798,757.00 ",1,Not Connected,Yes,No,Follow-up,,80L-1.2Cr
L0268,2026-03-02 09:39:28,Instagram,periyanayakanpalayam,Villa," 14,788,108.00 ",3,Connected,Yes,No,Follow-up,,Above 1.2Cr
L0269,2026-03-02 15:05:14,Google,Ramanathapuram,Apartment," 5,382,422.00 ",3,Connected,Yes,No,Follow-up,,50L-80L
L0270,2026-03-02 20:30:59,Google,Coimbatore,Apartment," 5,601,268.00 ",4,Connected,No,Yes,Lost,,50L-80L
L0271,2026-03-03 01:56:45,Property Portal,Ramanathapuram,Apartment," 6,918,830.00 ",1,Connected,Yes,Yes,Follow-up,,50L-80L
L0272,2026-03-03 07:22:31,Property Portal,Saravanampatti,Apartment," 3,749,450.00 ",2,Connected,No,No,Lost,,30L-50L
L0273,2026-03-03 12:48:17,Property Portal,panneermadai,Apartment," 5,043,899.00 ",2,Not Connected,No,No,Converted,4800000,50L-80L
L0274,2026-03-03 18:14:03,Referral,Thudiyalur,Villa," 8,825,330.00 ",1,Not Connected,No,Yes,Converted,8200000,80L-1.2Cr
L0275,2026-03-03 23:39:49,Facebook,periyanayakanpalayam,Plot," 2,541,482.00 ",5,Not Connected,No,No,Lost,,Below 30L
L0276,2026-03-04 05:05:35,Unknown,Thudiyalur,Villa," 7,543,812.00 ",4,Connected,Yes,Yes,Follow-up,,50L-80L
L0277,2026-03-04 10:31:21,Property Portal,Thudiyalur,Villa," 6,865,256.00 ",2,Connected,Yes,No,Follow-up,,50L-80L
L0278,2026-03-04 15:57:07,Instagram,Saravanampatti,Apartment," 3,000,917.00 ",3,Connected,No,Yes,Converted,2900000,30L-50L
L0279,2026-03-04 21:22:53,Instagram,Thudiyalur,Villa," 6,851,007.00 ",1,Not Connected,No,No,Lost,,50L-80L
L0280,2026-03-05 02:48:39,Property Portal,periyanayakanpalayam,Apartment," 5,587,681.00 ",5,Connected,Yes,No,Follow-up,,50L-80L
L0281,2026-03-05 08:14:25,Property Portal,Ramanathapuram,Apartment," 3,262,091.00 ",1,Not Connected,No,No,Lost,,30L-50L
L0282,2026-03-05 13:40:11,Google,Ramanathapuram,Apartment," 3,585,457.00 ",1,Not Connected,Yes,No,Follow-up,,30L-50L
L0283,2026-03-05 19:05:57,Google,periyanayakanpalayam,Apartment," 6,445,693.00 ",3,Connected,No,No,Lost,,50L-80L
L0284,2026-03-06 00:31:43,Website,Thudiyalur,Apartment," 6,749,266.00 ",3,Connected,Yes,No,Converted,6950000,50L-80L
L0285,2026-03-06 05:57:29,Facebook,Coimbatore,Apartment," 4,262,703.00 ",3,Not Connected,Yes,No,Follow-up,,30L-50L
L0286,2026-03-06 11:23:15,Website,periyanayakanpalayam,Apartment," 3,203,834.00 ",1,Not Connected,Yes,No,Follow-up,,30L-50L
L0287,2026-03-06 16:49:01,Facebook,Thudiyalur,Plot," 4,135,372.00 ",2,Connected,Yes,No,Follow-up,,30L-50L
L0288,2026-03-06 22:14:46,Facebook,Coimbatore,Apartment," 5,159,988.00 ",2,Connected,Yes,Yes,Follow-up,,50L-80L
L0289,2026-03-07 03:40:32,Google,Thudiyalur,Apartment," 8,047,420.00 ",1,Not Connected,Yes,No,Follow-up,,80L-1.2Cr
L0290,2026-03-07 09:06:18,Instagram,Thudiyalur,Apartment," 4,636,286.00 ",5,Connected,Yes,No,Follow-up,,30L-50L
L0291,2026-03-07 14:32:04,Website,Coimbatore,Villa," 14,213,698.00 ",1,Connected,No,No,Lost,,Above 1.2Cr
L0292,2026-03-07 19:57:50,Website,Thudiyalur,Apartment," 5,174,534.00 ",2,Connected,No,Yes,Converted,5000000,50L-80L
L0293,2026-03-08 01:23:36,Property Portal,periyanayakanpalayam,Apartment," 6,358,998.00 ",3,Connected,Yes,Yes,Follow-up,,50L-80L
L0294,2026-03-08 06:49:22,Google,Ramanathapuram,Apartment," 4,786,664.00 ",2,Connected,Yes,No,Follow-up,,30L-50L
L0295,2026-03-08 12:15:08,Website,panneermadai,Apartment," 4,429,290.00 ",3,Connected,Yes,Yes,Follow-up,,30L-50L
L0296,2026-03-08 17:40:54,Facebook,Thudiyalur,Apartment," 3,023,559.00 ",4,Connected,Yes,Yes,Follow-up,,30L-50L
L0297,2026-03-08 23:06:40,Property Portal,Thudiyalur,Apartment," 4,399,769.00 ",1,Connected,Yes,Yes,Converted,4450000,30L-50L
L0298,2026-03-09 04:32:26,Google,Thudiyalur,Apartment," 3,444,755.00 ",5,Not Connected,Yes,No,Follow-up,,30L-50L
L0299,2026-03-09 09:58:12,Instagram,Ramanathapuram,Apartment," 6,939,440.00 ",3,Not Connected,No,No,Lost,,50L-80L
L0300,2026-03-09 15:23:58,Website,Ramanathapuram,Apartment," 4,915,467.00 ",2,Not Connected,No,No,Lost,,30L-50L
L0301,2026-03-09 20:49:44,Website,Thudiyalur,Plot," 2,375,564.00 ",2,Connected,No,No,Lost,,Below 30L
L0302,2026-03-10 02:15:30,Facebook,Saravanampatti,Villa," 17,759,920.00 ",2,Connected,Yes,No,Follow-up,,Above 1.2Cr
L0303,2026-03-10 07:41:16,Facebook,Thudiyalur,Apartment," 4,154,262.00 ",4,Connected,Yes,No,Follow-up,,30L-50L
L0304,2026-03-10 13:07:02,Instagram,periyanayakanpalayam,Apartment," 3,947,272.00 ",4,Not Connected,No,No,Lost,,30L-50L
L0305,2026-03-10 18:32:48,Instagram,Ramanathapuram,Plot," 6,746,725.00 ",4,Connected,Yes,Yes,Follow-up,,50L-80L
L0306,2026-03-10 23:58:34,Referral,Saravanampatti,Apartment," 8,906,127.00 ",6,Connected,Yes,No,Converted,8300000,80L-1.2Cr
L0307,2026-03-11 05:24:19,Facebook,Ramanathapuram,Apartment," 5,956,953.00 ",4,Connected,Yes,Yes,Converted,6000000,50L-80L
L0308,2026-03-11 10:50:05,Google,panneermadai,Villa," 11,541,887.00 ",3,Connected,No,Yes,Converted,11100000,80L-1.2Cr
L0309,2026-03-11 16:15:51,Property Portal,Coimbatore,Apartment," 4,531,086.00 ",2,Connected,Yes,No,Follow-up,,30L-50L
L0310,2026-03-11 21:41:37,Google,panneermadai,Apartment," 3,524,006.00 ",3,Not Connected,No,No,Lost,,30L-50L
L0311,2026-03-12 03:07:23,Facebook,Thudiyalur,Apartment," 3,340,912.00 ",1,Not Connected,No,No,Lost,,30L-50L
L0312,2026-03-12 08:33:09,Website,Saravanampatti,Plot," 4,252,138.00 ",4,Connected,No,No,Lost,,30L-50L
L0313,2026-03-12 13:58:55,Website,periyanayakanpalayam,Apartment," 7,112,243.00 ",2,Not Connected,Yes,No,Follow-up,,50L-80L
L0314,2026-03-12 19:24:41,Referral,panneermadai,Villa," 9,990,018.00 ",1,Connected,No,Yes,Lost,,80L-1.2Cr
L0315,2026-03-13 00:50:27,Property Portal,periyanayakanpalayam,Plot," 2,976,971.00 ",1,Not Connected,No,No,Lost,,Below 30L
L0316,2026-03-13 06:16:13,Instagram,Ramanathapuram,Apartment," 4,467,130.00 ",2,Connected,Yes,No,Follow-up,,30L-50L
L0317,2026-03-13 11:41:59,Facebook,periyanayakanpalayam,Apartment," 4,532,102.00 ",3,Connected,No,No,Lost,,30L-50L
L0318,2026-03-13 17:07:45,Website,Ramanathapuram,Apartment," 8,642,772.00 ",2,Connected,Yes,Yes,Converted,8800000,80L-1.2Cr
L0319,2026-03-13 22:33:31,Website,Thudiyalur,Apartment," 3,412,755.00 ",3,Not Connected,No,No,Lost,,30L-50L
L0320,2026-03-14 03:59:17,Google,Thudiyalur,Apartment," 8,662,302.00 ",2,Connected,Yes,Yes,Follow-up,,80L-1.2Cr
L0321,2026-03-14 09:25:03,Facebook,Thudiyalur,Plot," 2,246,055.00 ",3,Connected,Yes,Yes,Follow-up,,Below 30L
L0322,2026-03-14 14:50:49,Instagram,Thudiyalur,Villa," 6,206,903.00 ",1,Connected,Yes,No,Follow-up,,50L-80L
L0323,2026-03-14 20:16:35,Instagram,Saravanampatti,Villa," 7,038,218.00 ",1,Not Connected,No,No,Lost,,50L-80L
L0324,2026-03-15 01:42:21,Google,Thudiyalur,Apartment," 3,287,623.00 ",3,Connected,No,No,Lost,,30L-50L
L0325,2026-03-15 07:08:06,Referral,Saravanampatti,Plot," 1,555,863.00 ",2,Connected,No,No,Lost,,Below 30L
L0326,2026-03-15 12:33:52,Property Portal,Coimbatore,Plot," 1,995,654.00 ",1,Connected,No,No,Converted,1850000,Below 30L
L0327,2026-03-15 17:59:38,Facebook,Thudiyalur,Plot," 2,277,635.00 ",2,Connected,Yes,No,Follow-up,,Below 30L
L0328,2026-03-15 23:25:24,Instagram,panneermadai,Apartment," 4,778,496.00 ",1,Not Connected,Yes,No,Follow-up,,30L-50L
L0329,2026-03-16 04:51:10,Facebook,Ramanathapuram,Villa," 12,831,258.00 ",3,Connected,No,No,Lost,,Above 1.2Cr
L0330,2026-03-16 10:16:56,Google,periyanayakanpalayam,Apartment," 6,379,263.00 ",2,Connected,No,Yes,Converted,6600000,50L-80L
L0331,2026-03-16 15:42:42,Google,periyanayakanpalayam,Apartment," 5,823,174.00 ",3,Connected,Yes,Yes,Converted,5550000,50L-80L
L0332,2026-03-16 21:08:28,Property Portal,Ramanathapuram,Apartment," 7,200,034.00 ",4,Not Connected,Yes,No,Follow-up,,50L-80L
L0333,2026-03-17 02:34:14,Website,Thudiyalur,Villa," 11,166,507.00 ",2,Connected,Yes,No,Follow-up,,80L-1.2Cr
L0334,2026-03-17 08:00:00,Website,Saravanampatti,Villa," 8,903,552.00 ",6,Connected,Yes,No,Follow-up,,80L-1.2Cr
L0335,2026-03-17 13:25:46,Website,Saravanampatti,Apartment," 3,569,829.00 ",3,Not Connected,Yes,No,Follow-up,,30L-50L
L0336,2026-03-17 18:51:32,Website,Ramanathapuram,Apartment," 6,223,520.00 ",3,Connected,No,No,Lost,,50L-80L
L0337,2026-03-18 00:17:18,Property Portal,Thudiyalur,Apartment," 3,907,179.00 ",3,Not Connected,No,No,Lost,,30L-50L
L0338,2026-03-18 05:43:04,Instagram,Ramanathapuram,Apartment," 3,177,597.00 ",3,Connected,Yes,No,Follow-up,,30L-50L
L0339,2026-03-18 11:08:50,Facebook,Thudiyalur,Apartment," 7,961,313.00 ",3,Connected,Yes,No,Follow-up,,50L-80L
L0340,2026-03-18 16:34:36,Website,Thudiyalur,Apartment," 5,836,287.00 ",2,Connected,Yes,No,Follow-up,,50L-80L
L0341,2026-03-18 22:00:22,Facebook,Thudiyalur,Villa," 7,471,926.00 ",1,Not Connected,Yes,No,Follow-up,,50L-80L
L0342,2026-03-19 03:26:08,Facebook,periyanayakanpalayam,Apartment," 3,645,303.00 ",1,Connected,Yes,Yes,Converted,3500000,30L-50L
L0343,2026-03-19 08:51:54,Website,Saravanampatti,Apartment," 4,272,597.00 ",2,Connected,Yes,No,Follow-up,,30L-50L
L0344,2026-03-19 14:17:39,Facebook,Ramanathapuram,Apartment," 4,795,600.00 ",2,Not Connected,No,No,Lost,,30L-50L
L0345,2026-03-19 19:43:25,Google,panneermadai,Plot," 3,316,364.00 ",2,Connected,Yes,Yes,Converted,3450000,30L-50L
L0346,2026-03-20 01:09:11,Instagram,Coimbatore,Villa," 8,616,842.00 ",1,Connected,Yes,No,Follow-up,,80L-1.2Cr
L0347,2026-03-20 06:34:57,Instagram,Coimbatore,Villa," 7,631,734.00 ",4,Connected,Yes,Yes,Follow-up,,50L-80L
L0348,2026-03-20 12:00:43,Website,Coimbatore,Apartment," 5,330,289.00 ",5,Connected,No,No,Lost,,50L-80L
L0349,2026-03-20 17:26:29,Google,Saravanampatti,Villa," 10,104,244.00 ",5,Connected,Yes,No,Follow-up,,80L-1.2Cr
L0350,2026-03-20 22:52:15,Instagram,Thudiyalur,Apartment," 4,285,076.00 ",2,Connected,No,No,Lost,,30L-50L
L0351,2026-03-21 04:18:01,Facebook,Saravanampatti,Villa," 10,349,040.00 ",4,Connected,Yes,No,Follow-up,,80L-1.2Cr
L0352,2026-03-21 09:43:47,Property Portal,periyanayakanpalayam,Plot," 3,036,684.00 ",5,Connected,No,No,Lost,,30L-50L
L0353,2026-03-21 15:09:33,Instagram,Coimbatore,Villa," 9,959,411.00 ",2,Not Connected,No,No,Lost,,80L-1.2Cr
L0354,2026-03-21 20:35:19,Website,Ramanathapuram,Plot," 4,342,201.00 ",2,Not Connected,No,No,Lost,,30L-50L
L0355,2026-03-22 02:01:05,Website,periyanayakanpalayam,Villa," 14,382,866.00 ",5,Connected,No,No,Lost,,Above 1.2Cr
L0356,2026-03-22 07:26:51,Instagram,Saravanampatti,Apartment," 4,238,822.00 ",3,Not Connected,No,No,Lost,,30L-50L
L0357,2026-03-22 12:52:37,Website,Saravanampatti,Plot," 4,030,489.00 ",2,Connected,No,Yes,Lost,,30L-50L
L0358,2026-03-22 18:18:23,Instagram,Coimbatore,Apartment," 5,058,989.00 ",1,Connected,Yes,No,Follow-up,,50L-80L
L0359,2026-03-22 23:44:09,Referral,Thudiyalur,Apartment," 8,533,649.00 ",1,Not Connected,Yes,No,Follow-up,,80L-1.2Cr
L0360,2026-03-23 05:09:55,Facebook,periyanayakanpalayam,Apartment," 4,479,634.00 ",4,Connected,No,No,Lost,,30L-50L
L0361,2026-03-23 10:35:41,Google,Saravanampatti,Apartment," 5,366,492.00 ",3,Connected,No,No,Lost,,50L-80L
L0362,2026-03-23 16:01:26,Instagram,Thudiyalur,Apartment," 5,419,135.00 ",2,Not Connected,No,No,Lost,,50L-80L
L0363,2026-03-23 21:27:12,Facebook,Ramanathapuram,Apartment," 3,088,059.00 ",1,Connected,Yes,Yes,Follow-up,,30L-50L
L0364,2026-03-24 02:52:58,Facebook,Ramanathapuram,Apartment," 4,942,137.00 ",3,Not Connected,Yes,No,Follow-up,,30L-50L
L0365,2026-03-24 08:18:44,Referral,Ramanathapuram,Villa," 9,011,163.00 ",3,Connected,Yes,No,Follow-up,,80L-1.2Cr
L0366,2026-03-24 13:44:30,Google,Thudiyalur,Apartment," 3,329,125.00 ",1,Connected,No,No,Lost,,30L-50L
L0367,2026-03-24 19:10:16,Referral,Ramanathapuram,Apartment," 7,630,549.00 ",5,Connected,Yes,No,Follow-up,,50L-80L
L0368,2026-03-25 00:36:02,Referral,Saravanampatti,Villa," 8,279,042.00 ",1,Connected,Yes,No,Follow-up,,80L-1.2Cr
L0369,2026-03-25 06:01:48,Website,Thudiyalur,Apartment," 3,117,473.00 ",2,Not Connected,No,No,Lost,,30L-50L
L0370,2026-03-25 11:27:34,Website,Thudiyalur,Villa," 13,440,352.00 ",3,Connected,Yes,Yes,Converted,13400000,Above 1.2Cr
L0371,2026-03-25 16:53:20,Website,Saravanampatti,Villa," 17,053,128.00 ",2,Connected,Yes,Yes,Converted,16500000,Above 1.2Cr
L0372,2026-03-25 22:19:06,Website,Thudiyalur,Plot," 3,325,438.00 ",4,Connected,Yes,No,Follow-up,,30L-50L
L0373,2026-03-26 03:44:52,Website,panneermadai,Villa," 8,254,029.00 ",4,Connected,Yes,No,Follow-up,,80L-1.2Cr
L0374,2026-03-26 09:10:38,Instagram,periyanayakanpalayam,Apartment," 3,872,834.00 ",4,Connected,Yes,Yes,Follow-up,,30L-50L
L0375,2026-03-26 14:36:24,Website,Thudiyalur,Villa," 12,619,697.00 ",1,Not Connected,No,No,Lost,,Above 1.2Cr
L0376,2026-03-26 20:02:10,Google,Saravanampatti,Apartment," 4,620,063.00 ",1,Connected,No,No,Converted,4800000,30L-50L
L0377,2026-03-27 01:27:56,Property Portal,periyanayakanpalayam,Apartment," 4,032,499.00 ",2,Not Connected,No,No,Lost,,30L-50L
L0378,2026-03-27 06:53:42,Website,periyanayakanpalayam,Villa," 11,840,201.00 ",3,Not Connected,Yes,No,Follow-up,,80L-1.2Cr
L0379,2026-03-27 12:19:28,Property Portal,Coimbatore,Apartment," 3,234,196.00 ",4,Connected,No,No,Lost,,30L-50L
L0380,2026-03-27 17:45:14,Google,periyanayakanpalayam,Villa," 16,477,311.00 ",4,Connected,Yes,No,Follow-up,,Above 1.2Cr
L0381,2026-03-27 23:10:59,Website,Thudiyalur,Plot," 2,209,132.00 ",4,Connected,No,No,Lost,,Below 30L
L0382,2026-03-28 04:36:45,Instagram,Coimbatore,Plot," 3,789,418.00 ",5,Connected,Yes,No,Follow-up,,30L-50L
L0383,2026-03-28 10:02:31,Instagram,Saravanampatti,Plot," 4,614,100.00 ",4,Connected,No,No,Lost,,30L-50L
L0384,2026-03-28 15:28:17,Property Portal,Thudiyalur,Apartment," 3,524,624.00 ",2,Connected,Yes,Yes,Follow-up,,30L-50L
L0385,2026-03-28 20:54:03,Property Portal,Ramanathapuram,Apartment," 4,356,256.00 ",2,Not Connected,No,No,Lost,,30L-50L
L0386,2026-03-29 02:19:49,Property Portal,Coimbatore,Villa," 9,730,797.00 ",3,Not Connected,No,No,Converted,9350000,80L-1.2Cr
L0387,2026-03-29 07:45:35,Google,panneermadai,Apartment," 4,248,313.00 ",1,Not Connected,No,No,Converted,3950000,30L-50L
L0388,2026-03-29 13:11:21,Website,Thudiyalur,Villa," 7,119,962.00 ",1,Connected,Yes,No,Follow-up,,50L-80L
L0389,2026-03-29 18:37:07,Property Portal,Saravanampatti,Villa," 7,912,493.00 ",3,Connected,No,No,Lost,,50L-80L
L0390,2026-03-30 00:02:53,Property Portal,periyanayakanpalayam,Villa," 11,482,203.00 ",4,Connected,Yes,Yes,Follow-up,,80L-1.2Cr
L0391,2026-03-30 05:28:39,Referral,Thudiyalur,Apartment," 3,993,978.00 ",1,Connected,Yes,Yes,Converted,4200000,30L-50L
L0392,2026-03-30 10:54:25,Facebook,Thudiyalur,Apartment," 4,876,037.00 ",4,Connected,Yes,Yes,Converted,4650000,30L-50L
L0393,2026-03-30 16:20:11,Google,Thudiyalur,Apartment," 5,881,849.00 ",4,Not Connected,No,No,Lost,,50L-80L
L0394,2026-03-30 21:45:57,Property Portal,periyanayakanpalayam,Apartment," 4,582,807.00 ",2,Not Connected,No,No,Lost,,30L-50L
L0395,2026-03-31 03:11:43,Google,Coimbatore,Plot," 4,278,674.00 ",1,Not Connected,No,No,Lost,,30L-50L
L0396,2026-03-31 08:37:29,Referral,panneermadai,Apartment," 4,697,479.00 ",1,Connected,Yes,Yes,Follow-up,,30L-50L
L0397,2026-03-31 14:03:15,Property Portal,Coimbatore,Apartment," 8,238,461.00 ",4,Connected,No,No,Lost,,80L-1.2Cr
L0398,2026-03-31 19:29:01,Facebook,Thudiyalur,Apartment," 4,937,586.00 ",4,Connected,No,No,Lost,,30L-50L
L0399,2026-04-01 00:54:46,Property Portal,Ramanathapuram,Villa," 6,817,108.00 ",5,Connected,No,No,Lost,,50L-80L
L0400,2026-04-01 06:20:32,Property Portal,Ramanathapuram,Villa," 10,779,024.00 ",3,Not Connected,No,No,Lost,,80L-1.2Cr
L0401,2026-04-01 11:46:18,Website,Thudiyalur,Apartment," 4,403,815.00 ",1,Connected,No,No,Lost,,30L-50L
L0402,2026-04-01 17:12:04,Referral,Thudiyalur,Apartment," 3,475,278.00 ",1,Connected,Yes,No,Follow-up,,30L-50L
L0403,2026-04-01 22:37:50,Facebook,Thudiyalur,Apartment," 6,879,594.00 ",4,Connected,Yes,Yes,Follow-up,,50L-80L
L0404,2026-04-02 04:03:36,Property Portal,Ramanathapuram,Apartment," 6,020,181.00 ",1,Connected,Yes,Yes,Converted,6200000,50L-80L
L0405,2026-04-02 09:29:22,Google,Ramanathapuram,Villa," 6,646,045.00 ",2,Connected,Yes,Yes,Converted,6250000,50L-80L
L0406,2026-04-02 14:55:08,Property Portal,periyanayakanpalayam,Villa," 11,414,612.00 ",2,Connected,No,No,Lost,,80L-1.2Cr
L0407,2026-04-02 20:20:54,Google,panneermadai,Apartment," 7,808,015.00 ",1,Connected,Yes,No,Follow-up,,50L-80L
L0408,2026-04-03 01:46:40,Website,panneermadai,Apartment," 3,297,698.00 ",1,Not Connected,No,No,Lost,,30L-50L
L0409,2026-04-03 07:12:26,Referral,periyanayakanpalayam,Plot," 3,724,688.00 ",2,Connected,No,No,Lost,,30L-50L
L0410,2026-04-03 12:38:12,Website,Saravanampatti,Apartment," 4,279,758.00 ",2,Connected,No,No,Converted,4350000,30L-50L
L0411,2026-04-03 18:03:58,Google,Thudiyalur,Villa," 9,637,614.00 ",1,Connected,Yes,No,Follow-up,,80L-1.2Cr
L0412,2026-04-03 23:29:44,Referral,Thudiyalur,Apartment," 8,615,227.00 ",4,Connected,Yes,No,Follow-up,,80L-1.2Cr
L0413,2026-04-04 04:55:30,Referral,Thudiyalur,Apartment," 3,756,967.00 ",4,Connected,No,No,Lost,,30L-50L
L0414,2026-04-04 10:21:16,Facebook,Thudiyalur,Apartment," 4,208,458.00 ",2,Connected,Yes,Yes,Follow-up,,30L-50L
L0415,2026-04-04 15:47:02,Instagram,periyanayakanpalayam,Apartment," 5,137,791.00 ",4,Connected,Yes,No,Follow-up,,50L-80L
L0416,2026-04-04 21:12:48,Facebook,Saravanampatti,Plot," 3,502,176.00 ",2,Connected,Yes,No,Follow-up,,30L-50L
L0417,2026-04-05 02:38:34,Google,Thudiyalur,Apartment," 4,706,549.00 ",3,Not Connected,No,No,Lost,,30L-50L
L0418,2026-04-05 08:04:19,Google,Thudiyalur,Apartment," 6,363,063.00 ",5,Connected,No,No,Lost,,50L-80L
L0419,2026-04-05 13:30:05,Instagram,periyanayakanpalayam,Apartment," 8,229,005.00 ",4,Not Connected,Yes,No,Follow-up,,80L-1.2Cr
L0420,2026-04-05 18:55:51,Property Portal,Saravanampatti,Apartment," 5,881,174.00 ",4,Connected,Yes,No,Follow-up,,50L-80L
L0421,2026-04-06 00:21:37,Property Portal,Coimbatore,Apartment," 3,370,608.00 ",1,Connected,Yes,Yes,Follow-up,,30L-50L
L0422,2026-04-06 05:47:23,Property Portal,periyanayakanpalayam,Apartment," 3,154,455.00 ",1,Connected,Yes,No,Follow-up,,30L-50L
L0423,2026-04-06 11:13:09,Website,Thudiyalur,Villa," 8,382,962.00 ",5,Connected,Yes,No,Follow-up,,80L-1.2Cr
L0424,2026-04-06 16:38:55,Facebook,Thudiyalur,Apartment," 3,427,858.00 ",2,Not Connected,No,No,Lost,,30L-50L
L0425,2026-04-06 22:04:41,Website,Saravanampatti,Apartment," 5,034,523.00 ",2,Not Connected,No,No,Lost,,50L-80L
L0426,2026-04-07 03:30:27,Facebook,Saravanampatti,Plot," 4,191,059.00 ",4,Not Connected,No,No,Lost,,30L-50L
L0427,2026-04-07 08:56:13,Facebook,Thudiyalur,Apartment," 4,049,627.00 ",4,Not Connected,Yes,No,Follow-up,,30L-50L
L0428,2026-04-07 14:21:59,Property Portal,Saravanampatti,Plot," 4,649,783.00 ",5,Connected,Yes,No,Follow-up,,30L-50L
L0429,2026-04-07 19:47:45,Google,Ramanathapuram,Apartment," 5,777,508.00 ",2,Connected,Yes,Yes,Follow-up,,50L-80L
L0430,2026-04-08 01:13:31,Website,Saravanampatti,Plot," 2,931,728.00 ",5,Connected,Yes,No,Follow-up,,Below 30L
L0431,2026-04-08 06:39:17,Website,periyanayakanpalayam,Villa," 8,017,337.00 ",1,Unknown,Yes,No,Follow-up,,80L-1.2Cr
L0432,2026-04-08 12:05:03,Property Portal,periyanayakanpalayam,Plot," 4,629,754.00 ",1,Not Connected,Yes,No,Follow-up,,30L-50L
L0433,2026-04-08 17:30:49,Instagram,periyanayakanpalayam,Plot," 3,822,377.00 ",3,Connected,Yes,Yes,Follow-up,,30L-50L
L0434,2026-04-08 22:56:35,Website,Ramanathapuram,Apartment," 3,420,539.00 ",1,Not Connected,No,No,Lost,,30L-50L
L0435,2026-04-09 04:22:21,Website,Thudiyalur,Plot," 6,529,018.00 ",2,Connected,No,Yes,Converted,6450000,50L-80L
L0436,2026-04-09 09:48:06,Instagram,Thudiyalur,Apartment," 3,710,381.00 ",3,Connected,Yes,No,Follow-up,,30L-50L
L0437,2026-04-09 15:13:52,Website,Coimbatore,Apartment," 4,315,712.00 ",2,Connected,No,No,Lost,,30L-50L
L0438,2026-04-09 20:39:38,Property Portal,Ramanathapuram,Apartment," 3,425,767.00 ",1,Not Connected,No,No,Lost,,30L-50L
L0439,2026-04-10 02:05:24,Instagram,Thudiyalur,Apartment," 5,299,688.00 ",2,Not Connected,No,No,Lost,,50L-80L
L0440,2026-04-10 07:31:10,Website,Ramanathapuram,Apartment," 7,568,966.00 ",2,Connected,No,Yes,Lost,,50L-80L
L0441,2026-04-10 12:56:56,Website,Saravanampatti,Villa," 8,420,872.00 ",2,Connected,Yes,No,Follow-up,,80L-1.2Cr
L0442,2026-04-10 18:22:42,Referral,Thudiyalur,Apartment," 3,737,463.00 ",4,Connected,Yes,No,Follow-up,,30L-50L
L0443,2026-04-10 23:48:28,Google,Ramanathapuram,Villa," 8,850,680.00 ",4,Connected,Yes,No,Converted,9250000,80L-1.2Cr
L0444,2026-04-11 05:14:14,Google,periyanayakanpalayam,Plot," 1,707,596.00 ",2,Connected,Yes,No,Follow-up,,Below 30L
L0445,2026-04-11 10:40:00,Property Portal,Saravanampatti,Apartment," 3,228,129.00 ",4,Connected,Yes,No,Follow-up,,30L-50L
L0446,2026-04-11 16:05:46,Referral,Thudiyalur,Apartment," 3,617,367.00 ",1,Connected,Yes,Yes,Follow-up,,30L-50L
L0447,2026-04-11 21:31:32,Referral,Ramanathapuram,Apartment," 5,756,426.00 ",2,Connected,Yes,No,Follow-up,,50L-80L
L0448,2026-04-12 02:57:18,Property Portal,panneermadai,Apartment," 6,738,484.00 ",4,Connected,Yes,No,Converted,6700000,50L-80L
L0449,2026-04-12 08:23:04,Google,Saravanampatti,Apartment," 5,592,618.00 ",2,Not Connected,No,No,Lost,,50L-80L
L0450,2026-04-12 13:48:50,Website,Ramanathapuram,Apartment," 4,380,503.00 ",6,Connected,Yes,No,Converted,4050000,30L-50L
L0451,2026-04-12 19:14:36,Property Portal,periyanayakanpalayam,Apartment," 5,411,290.00 ",2,Connected,Yes,Yes,Converted,5400000,50L-80L
L0452,2026-04-13 00:40:22,Facebook,Ramanathapuram,Plot," 5,113,777.00 ",4,Connected,No,No,Lost,,50L-80L
L0453,2026-04-13 06:06:08,Facebook,Saravanampatti,Villa," 8,290,123.00 ",2,Connected,Yes,Yes,Converted,7800000,80L-1.2Cr
L0454,2026-04-13 11:31:54,Referral,periyanayakanpalayam,Apartment," 8,367,308.00 ",2,Connected,No,Yes,Converted,8550000,80L-1.2Cr
L0455,2026-04-13 16:57:39,Website,Thudiyalur,Villa," 6,268,449.00 ",2,Not Connected,No,No,Lost,,50L-80L
L0456,2026-04-13 22:23:25,Facebook,Saravanampatti,Apartment," 7,888,978.00 ",4,Not Connected,Yes,No,Follow-up,,50L-80L
L0457,2026-04-14 03:49:11,Website,Ramanathapuram,Apartment," 7,146,276.00 ",3,Not Connected,Yes,No,Follow-up,,50L-80L
L0458,2026-04-14 09:14:57,Facebook,Ramanathapuram,Villa," 6,639,104.00 ",5,Connected,Yes,Yes,Converted,6850000,50L-80L
L0459,2026-04-14 14:40:43,Website,Thudiyalur,Apartment," 3,943,681.00 ",2,Connected,No,No,Lost,,30L-50L
L0460,2026-04-14 20:06:29,Website,Ramanathapuram,Apartment," 4,334,649.00 ",1,Not Connected,No,No,Lost,,30L-50L
L0461,2026-04-15 01:32:15,Website,Coimbatore,Plot," 4,471,316.00 ",2,Connected,Yes,No,Follow-up,,30L-50L
L0462,2026-04-15 06:58:01,Instagram,Ramanathapuram,Plot," 4,126,102.00 ",3,Connected,No,No,Lost,,30L-50L
L0463,2026-04-15 12:23:47,Property Portal,Thudiyalur,Villa," 8,000,892.00 ",5,Connected,Yes,No,Follow-up,,80L-1.2Cr
L0464,2026-04-15 17:49:33,Instagram,Ramanathapuram,Villa," 10,701,341.00 ",2,Connected,No,Yes,Lost,,80L-1.2Cr
L0465,2026-04-15 23:15:19,Referral,Saravanampatti,Villa," 9,090,074.00 ",3,Connected,No,Yes,Converted,8950000,80L-1.2Cr
L0466,2026-04-16 04:41:05,Google,Thudiyalur,Apartment," 4,074,477.00 ",2,Connected,Yes,Yes,Converted,4150000,30L-50L
L0467,2026-04-16 10:06:51,Google,Saravanampatti,Apartment," 4,967,928.00 ",3,Connected,Yes,Yes,Follow-up,,30L-50L
L0468,2026-04-16 15:32:37,Property Portal,Coimbatore,Apartment," 4,326,980.00 ",5,Connected,Yes,No,Follow-up,,30L-50L
L0469,2026-04-16 20:58:23,Google,Saravanampatti,Apartment," 4,405,802.00 ",1,Connected,Yes,No,Follow-up,,30L-50L
L0470,2026-04-17 02:24:09,Referral,panneermadai,Apartment," 3,386,350.00 ",2,Connected,Yes,Yes,Follow-up,,30L-50L
L0471,2026-04-17 07:49:55,Website,periyanayakanpalayam,Apartment," 3,774,107.00 ",6,Connected,No,No,Lost,,30L-50L
L0472,2026-04-17 13:15:41,Referral,Ramanathapuram,Plot," 7,929,512.00 ",5,Connected,No,No,Lost,,50L-80L
L0473,2026-04-17 18:41:26,Website,Saravanampatti,Plot," 4,877,955.00 ",3,Connected,Yes,No,Follow-up,,30L-50L
L0474,2026-04-18 00:07:12,Property Portal,Coimbatore,Villa," 6,141,449.00 ",3,Connected,Yes,No,Follow-up,,50L-80L
L0475,2026-04-18 05:32:58,Facebook,Coimbatore,Apartment," 3,295,920.00 ",2,Connected,No,No,Lost,,30L-50L
L0476,2026-04-18 10:58:44,Referral,Ramanathapuram,Plot," 1,635,370.00 ",3,Connected,Yes,Yes,Follow-up,,Below 30L
L0477,2026-04-18 16:24:30,Website,panneermadai,Apartment," 6,435,365.00 ",4,Not Connected,Yes,No,Follow-up,,50L-80L
L0478,2026-04-18 21:50:16,Facebook,panneermadai,Villa," 8,000,564.00 ",3,Connected,Yes,No,Follow-up,,80L-1.2Cr
L0479,2026-04-19 03:16:02,Referral,panneermadai,Apartment," 4,743,768.00 ",2,Connected,Yes,Yes,Follow-up,,30L-50L
L0480,2026-04-19 08:41:48,Facebook,Coimbatore,Villa," 6,504,677.00 ",1,Connected,Yes,No,Follow-up,,50L-80L
L0481,2026-04-19 14:07:34,Instagram,panneermadai,Apartment," 4,458,760.00 ",2,Not Connected,No,No,Lost,,30L-50L
L0482,2026-04-19 19:33:20,Instagram,Thudiyalur,Plot," 6,275,394.00 ",1,Connected,Yes,Yes,Converted,5900000,50L-80L
L0483,2026-04-20 00:59:06,Facebook,periyanayakanpalayam,Plot," 3,931,516.00 ",1,Connected,No,No,Lost,,30L-50L
L0484,2026-04-20 06:24:52,Instagram,Thudiyalur,Apartment," 5,292,331.00 ",2,Connected,Yes,Yes,Follow-up,,50L-80L
L0485,2026-04-20 11:50:38,Instagram,Coimbatore,Apartment," 5,520,748.00 ",1,Connected,No,No,Lost,,50L-80L
L0486,2026-04-20 17:16:24,Referral,Coimbatore,Plot," 6,845,965.00 ",1,Not Connected,Yes,No,Converted,6750000,50L-80L
L0487,2026-04-20 22:42:10,Website,Coimbatore,Apartment," 6,472,159.00 ",3,Not Connected,Yes,No,Follow-up,,50L-80L
L0488,2026-04-21 04:07:56,Google,Ramanathapuram,Plot," 3,646,013.00 ",1,Connected,No,No,Lost,,30L-50L
L0489,2026-04-21 09:33:42,Referral,Coimbatore,Villa," 9,224,858.00 ",1,Not Connected,Yes,No,Follow-up,,80L-1.2Cr
L0490,2026-04-21 14:59:28,Property Portal,periyanayakanpalayam,Apartment," 4,672,647.00 ",2,Connected,Yes,No,Converted,4550000,30L-50L
L0491,2026-04-21 20:25:14,Facebook,Thudiyalur,Apartment," 8,947,317.00 ",1,Connected,Yes,No,Follow-up,,80L-1.2Cr
L0492,2026-04-22 01:50:59,Instagram,Coimbatore,Apartment," 4,143,457.00 ",3,Connected,No,No,Lost,,30L-50L
L0493,2026-04-22 07:16:45,Google,Thudiyalur,Villa," 6,132,659.00 ",1,Connected,No,No,Lost,,50L-80L
L0494,2026-04-22 12:42:31,Website,Thudiyalur,Apartment," 3,639,872.00 ",4,Not Connected,No,No,Lost,,30L-50L
L0495,2026-04-22 18:08:17,Facebook,Ramanathapuram,Apartment," 6,421,576.00 ",5,Connected,Yes,No,Follow-up,,50L-80L
L0496,2026-04-22 23:34:03,Google,Ramanathapuram,Apartment," 7,436,321.00 ",4,Connected,No,No,Lost,,50L-80L
L0497,2026-04-23 04:59:49,Instagram,Ramanathapuram,Villa," 8,075,838.00 ",3,Connected,Yes,No,Follow-up,,80L-1.2Cr
L0498,2026-04-23 10:25:35,Website,periyanayakanpalayam,Plot," 4,213,866.00 ",5,Connected,No,No,Lost,,30L-50L
L0499,2026-04-23 15:51:21,Referral,Coimbatore,Plot," 4,647,825.00 ",3,Connected,Yes,Yes,Follow-up,,30L-50L
L0500,2026-04-23 21:17:07,Referral,Saravanampatti,Apartment," 4,001,452.00 ",1,Connected,No,No,Lost,,30L-50L
L0501,2026-04-24 02:42:53,Instagram,periyanayakanpalayam,Plot," 3,432,830.00 ",2,Not Connected,No,No,Lost,,30L-50L
L0502,2026-04-24 08:08:39,Facebook,periyanayakanpalayam,Villa," 8,734,001.00 ",5,Connected,No,No,Lost,,80L-1.2Cr
L0503,2026-04-24 13:34:25,Google,Thudiyalur,Villa," 11,774,381.00 ",2,Connected,Yes,No,Follow-up,,80L-1.2Cr
L0504,2026-04-24 19:00:11,Property Portal,Coimbatore,Plot," 2,352,557.00 ",1,Not Connected,No,No,Lost,,Below 30L
L0505,2026-04-25 00:25:57,Instagram,Coimbatore,Apartment," 7,610,179.00 ",4,Connected,Yes,Yes,Follow-up,,50L-80L
L0506,2026-04-25 05:51:43,Website,Coimbatore,Apartment," 3,566,510.00 ",4,Connected,Yes,Yes,Converted,3550000,30L-50L
L0507,2026-04-25 11:17:29,Referral,periyanayakanpalayam,Plot," 2,790,894.00 ",1,Not Connected,No,No,Lost,,Below 30L
L0508,2026-04-25 16:43:15,Property Portal,periyanayakanpalayam,Apartment," 5,933,371.00 ",3,Connected,Yes,Yes,Follow-up,,50L-80L
L0509,2026-04-25 22:09:01,Referral,Ramanathapuram,Plot," 4,575,327.00 ",1,Connected,No,No,Lost,,30L-50L
L0510,2026-04-26 03:34:46,Instagram,panneermadai,Plot," 2,164,635.00 ",4,Connected,Yes,Yes,Follow-up,,Below 30L
L0511,2026-04-26 09:00:32,Instagram,panneermadai,Apartment," 3,668,629.00 ",2,Not Connected,No,No,Lost,,30L-50L
L0512,2026-04-26 14:26:18,Facebook,Ramanathapuram,Plot," 2,883,640.00 ",2,Connected,Yes,No,Follow-up,,Below 30L
L0513,2026-04-26 19:52:04,Referral,Saravanampatti,Apartment," 4,917,583.00 ",4,Connected,Yes,Yes,Converted,4550000,30L-50L
L0514,2026-04-27 01:17:50,Property Portal,Thudiyalur,Apartment," 4,642,868.00 ",2,Connected,Yes,No,Follow-up,,30L-50L
L0515,2026-04-27 06:43:36,Website,Thudiyalur,Villa," 6,685,503.00 ",3,Connected,Yes,No,Follow-up,,50L-80L
L0516,2026-04-27 12:09:22,Website,Thudiyalur,Plot," 3,337,284.00 ",2,Connected,No,No,Lost,,30L-50L
L0517,2026-04-27 17:35:08,Google,Ramanathapuram,Apartment," 6,208,558.00 ",2,Connected,Yes,Yes,Follow-up,,50L-80L
L0518,2026-04-27 23:00:54,Property Portal,Saravanampatti,Apartment," 6,002,087.00 ",3,Connected,Yes,No,Follow-up,,50L-80L
L0519,2026-04-28 04:26:40,Referral,Thudiyalur,Villa," 6,633,718.00 ",1,Not Connected,No,No,Lost,,50L-80L
L0520,2026-04-28 09:52:26,Website,Saravanampatti,Villa," 9,078,111.00 ",2,Not Connected,Yes,No,Follow-up,,80L-1.2Cr
L0521,2026-04-28 15:18:12,Instagram,Thudiyalur,Villa," 14,710,865.00 ",1,Not Connected,No,No,Lost,,Above 1.2Cr
L0522,2026-04-28 20:43:58,Google,Saravanampatti,Apartment," 4,649,396.00 ",3,Connected,No,No,Lost,,30L-50L
L0523,2026-04-29 02:09:44,Referral,Coimbatore,Apartment," 6,113,728.00 ",5,Not Connected,No,No,Lost,,50L-80L
L0524,2026-04-29 07:35:30,Property Portal,Thudiyalur,Apartment," 7,435,784.00 ",6,Connected,No,No,Lost,,50L-80L
L0525,2026-04-29 13:01:16,Property Portal,periyanayakanpalayam,Plot," 2,309,340.00 ",2,Not Connected,No,No,Lost,,Below 30L
L0526,2026-04-29 18:27:02,Facebook,Thudiyalur,Apartment," 4,492,017.00 ",2,Not Connected,No,No,Lost,,30L-50L
L0527,2026-04-29 23:52:48,Facebook,Coimbatore,Apartment," 3,122,019.00 ",2,Connected,Yes,Yes,Converted,3200000,30L-50L
L0528,2026-04-30 05:18:34,Google,Coimbatore,Plot," 1,679,001.00 ",4,Connected,Yes,Yes,Follow-up,,Below 30L
L0529,2026-04-30 10:44:19,Website,panneermadai,Apartment," 5,648,837.00 ",1,Connected,Yes,No,Follow-up,,50L-80L
L0530,2026-04-30 16:10:05,Property Portal,periyanayakanpalayam,Plot," 2,529,870.00 ",6,Connected,No,No,Lost,,Below 30L
L0531,2026-04-30 21:35:51,Property Portal,Coimbatore,Villa," 8,416,826.00 ",2,Connected,Yes,Yes,Follow-up,,80L-1.2Cr
L0532,2026-05-01 03:01:37,Referral,Ramanathapuram,Plot," 1,596,143.00 ",6,Connected,No,No,Lost,,Below 30L
L0533,2026-05-01 08:27:23,Referral,Ramanathapuram,Apartment," 4,020,332.00 ",4,Connected,No,No,Converted,3750000,30L-50L
L0534,2026-05-01 13:53:09,Facebook,Thudiyalur,Apartment," 3,900,959.00 ",4,Connected,Yes,Yes,Converted,3900000,30L-50L
L0535,2026-05-01 19:18:55,Property Portal,Coimbatore,Villa," 13,717,535.00 ",2,Connected,No,No,Lost,,Above 1.2Cr
L0536,2026-05-02 00:44:41,Referral,Thudiyalur,Plot," 2,839,527.00 ",1,Connected,Yes,No,Follow-up,,Below 30L
L0537,2026-05-02 06:10:27,Property Portal,Thudiyalur,Villa," 8,676,299.00 ",2,Not Connected,No,No,Lost,,80L-1.2Cr
L0538,2026-05-02 11:36:13,Google,Ramanathapuram,Apartment," 3,265,702.00 ",2,Connected,No,No,Lost,,30L-50L
L0539,2026-05-02 17:01:59,Facebook,Thudiyalur,Villa," 7,888,007.00 ",1,Not Connected,Yes,No,Follow-up,,50L-80L
L0540,2026-05-02 22:27:45,Website,periyanayakanpalayam,Villa," 7,739,122.00 ",3,Connected,Yes,No,Follow-up,,50L-80L
L0541,2026-05-03 03:53:31,Referral,Ramanathapuram,Villa," 6,775,292.00 ",2,Connected,Yes,Yes,Converted,6250000,50L-80L
L0542,2026-05-03 09:19:17,Instagram,Thudiyalur,Villa," 10,878,526.00 ",3,Not Connected,No,No,Lost,,80L-1.2Cr
L0543,2026-05-03 14:45:03,Google,periyanayakanpalayam,Plot," 3,189,074.00 ",3,Connected,No,Yes,Converted,3300000,30L-50L
L0544,2026-05-03 20:10:49,Instagram,Thudiyalur,Villa," 6,219,707.00 ",1,Connected,Yes,Yes,Follow-up,,50L-80L
L0545,2026-05-04 01:36:35,Instagram,Saravanampatti,Apartment," 3,171,389.00 ",6,Connected,Yes,Yes,Converted,3000000,30L-50L
L0546,2026-05-04 07:02:21,Google,periyanayakanpalayam,Apartment," 4,059,165.00 ",1,Connected,Yes,No,Follow-up,,30L-50L
L0547,2026-05-04 12:28:06,Website,panneermadai,Apartment," 6,336,666.00 ",2,Connected,Yes,Yes,Converted,6250000,50L-80L
L0548,2026-05-04 17:53:52,Instagram,periyanayakanpalayam,Apartment," 3,825,963.00 ",2,Connected,Yes,No,Follow-up,,30L-50L
L0549,2026-05-04 23:19:38,Facebook,Thudiyalur,Apartment," 3,093,078.00 ",4,Connected,Yes,Yes,Converted,2950000,30L-50L
L0550,2026-05-05 04:45:24,Property Portal,Ramanathapuram,Apartment," 5,259,402.00 ",1,Connected,Yes,Yes,Converted,5350000,50L-80L
L0551,2026-05-05 10:11:10,Facebook,Saravanampatti,Apartment," 5,074,888.00 ",2,Connected,Yes,No,Follow-up,,50L-80L
L0552,2026-05-05 15:36:56,Property Portal,Ramanathapuram,Apartment," 6,470,633.00 ",3,Connected,No,No,Lost,,50L-80L
L0553,2026-05-05 21:02:42,Facebook,panneermadai,Plot," 2,738,227.00 ",1,Connected,Yes,Yes,Converted,2650000,Below 30L
L0554,2026-05-06 02:28:28,Facebook,Saravanampatti,Plot," 1,834,199.00 ",3,Connected,No,No,Lost,,Below 30L
L0555,2026-05-06 07:54:14,Property Portal,Thudiyalur,Apartment," 3,111,426.00 ",5,Not Connected,Yes,No,Follow-up,,30L-50L
L0556,2026-05-06 13:20:00,Facebook,Thudiyalur,Plot," 4,905,451.00 ",6,Connected,No,No,Lost,,30L-50L
L0557,2026-05-06 18:45:46,Website,Ramanathapuram,Apartment," 7,045,727.00 ",1,Connected,No,Yes,Lost,,50L-80L
L0558,2026-05-07 00:11:32,Website,Coimbatore,Apartment," 4,475,368.00 ",1,Connected,Yes,No,Follow-up,,30L-50L
L0559,2026-05-07 05:37:18,Property Portal,panneermadai,Apartment," 4,108,383.00 ",2,Not Connected,No,No,Lost,,30L-50L
L0560,2026-05-07 11:03:04,Instagram,Saravanampatti,Apartment," 5,592,038.00 ",2,Connected,Yes,Yes,Follow-up,,50L-80L
L0561,2026-05-07 16:28:50,Instagram,Coimbatore,Villa," 8,442,432.00 ",1,Not Connected,No,No,Lost,,80L-1.2Cr
L0562,2026-05-07 21:54:36,Google,Thudiyalur,Villa," 6,407,407.00 ",1,Connected,No,No,Lost,,50L-80L
L0563,2026-05-08 03:20:22,Website,panneermadai,Apartment," 5,795,309.00 ",6,Connected,Yes,No,Follow-up,,50L-80L
L0564,2026-05-08 08:46:08,Website,Thudiyalur,Apartment," 8,127,651.00 ",5,Not Connected,No,No,Lost,,80L-1.2Cr
L0565,2026-05-08 14:11:54,Google,panneermadai,Apartment," 7,901,431.00 ",1,Connected,Yes,No,Follow-up,,50L-80L
L0566,2026-05-08 19:37:39,Instagram,Coimbatore,Apartment," 5,873,714.00 ",2,Connected,No,No,Lost,,50L-80L
L0567,2026-05-09 01:03:25,Google,Ramanathapuram,Apartment," 3,228,584.00 ",2,Not Connected,No,No,Lost,,30L-50L
L0568,2026-05-09 06:29:11,Facebook,Thudiyalur,Apartment," 4,127,113.00 ",1,Not Connected,No,No,Lost,,30L-50L
L0569,2026-05-09 11:54:57,Referral,Ramanathapuram,Plot," 3,085,167.00 ",3,Connected,Yes,No,Follow-up,,30L-50L
L0570,2026-05-09 17:20:43,Google,periyanayakanpalayam,Plot," 2,846,419.00 ",3,Connected,No,No,Lost,,Below 30L
L0571,2026-05-09 22:46:29,Facebook,periyanayakanpalayam,Apartment," 5,364,286.00 ",5,Connected,Yes,Yes,Follow-up,,50L-80L
L0572,2026-05-10 04:12:15,Property Portal,Thudiyalur,Plot," 3,559,074.00 ",4,Connected,No,No,Lost,,30L-50L
L0573,2026-05-10 09:38:01,Google,Ramanathapuram,Apartment," 3,756,079.00 ",3,Not Connected,No,No,Lost,,30L-50L
L0574,2026-05-10 15:03:47,Instagram,Saravanampatti,Apartment," 4,443,401.00 ",3,Not Connected,No,No,Lost,,30L-50L
L0575,2026-05-10 20:29:33,Property Portal,Thudiyalur,Apartment," 7,115,417.00 ",2,Connected,Yes,Yes,Follow-up,,50L-80L
L0576,2026-05-11 01:55:19,Referral,Thudiyalur,Villa," 11,511,166.00 ",3,Not Connected,No,No,Lost,,80L-1.2Cr
L0577,2026-05-11 07:21:05,Website,Thudiyalur,Plot," 2,123,640.00 ",2,Connected,No,No,Lost,,Below 30L
L0578,2026-05-11 12:46:51,Referral,Ramanathapuram,Villa," 11,344,720.00 ",1,Connected,Yes,Yes,Follow-up,,80L-1.2Cr
L0579,2026-05-11 18:12:37,Facebook,Ramanathapuram,Apartment," 3,562,634.00 ",1,Connected,Yes,Yes,Follow-up,,30L-50L
L0580,2026-05-11 23:38:23,Google,periyanayakanpalayam,Villa," 6,040,149.00 ",2,Connected,Yes,Yes,Converted,6150000,50L-80L
L0581,2026-05-12 05:04:09,Facebook,Thudiyalur,Apartment," 6,628,448.00 ",5,Connected,Yes,No,Follow-up,,50L-80L
L0582,2026-05-12 10:29:55,Referral,Coimbatore,Plot," 2,334,379.00 ",1,Not Connected,No,No,Lost,,Below 30L
L0583,2026-05-12 15:55:41,Facebook,periyanayakanpalayam,Apartment," 3,680,913.00 ",2,Connected,No,No,Lost,,30L-50L
L0584,2026-05-12 21:21:26,Google,periyanayakanpalayam,Apartment," 4,414,474.00 ",2,Connected,Yes,Yes,Converted,4200000,30L-50L
L0585,2026-05-13 02:47:12,Instagram,Saravanampatti,Villa," 7,361,425.00 ",3,Not Connected,Yes,No,Follow-up,,50L-80L
L0586,2026-05-13 08:12:58,Google,Thudiyalur,Villa," 14,957,499.00 ",1,Connected,No,No,Lost,,Above 1.2Cr
L0587,2026-05-13 13:38:44,Website,Ramanathapuram,Apartment," 4,809,510.00 ",6,Connected,Yes,Yes,Follow-up,,30L-50L
L0588,2026-05-13 19:04:30,Website,Coimbatore,Villa," 9,487,627.00 ",5,Connected,No,No,Lost,,80L-1.2Cr
L0589,2026-05-14 00:30:16,Website,Coimbatore,Apartment," 3,940,335.00 ",3,Not Connected,No,No,Lost,,30L-50L
L0590,2026-05-14 05:56:02,Website,Ramanathapuram,Villa," 9,459,821.00 ",3,Connected,Yes,Yes,Follow-up,,80L-1.2Cr
L0591,2026-05-14 11:21:48,Website,Ramanathapuram,Plot," 4,709,814.00 ",1,Connected,Yes,Yes,Converted,4800000,30L-50L
L0592,2026-05-14 16:47:34,Instagram,Saravanampatti,Plot," 4,446,715.00 ",2,Connected,Yes,Yes,Converted,4100000,30L-50L
L0593,2026-05-14 22:13:20,Website,Thudiyalur,Villa," 11,257,199.00 ",4,Connected,Yes,Yes,Converted,10750000,80L-1.2Cr
L0594,2026-05-15 03:39:06,Google,Thudiyalur,Apartment," 3,555,710.00 ",1,Connected,No,No,Lost,,30L-50L
L0595,2026-05-15 09:04:52,Property Portal,Ramanathapuram,Apartment," 3,274,349.00 ",2,Connected,Yes,Yes,Follow-up,,30L-50L
L0596,2026-05-15 14:30:38,Facebook,periyanayakanpalayam,Villa," 7,815,419.00 ",3,Connected,No,Yes,Converted,7700000,50L-80L
L0597,2026-05-15 19:56:24,Instagram,Thudiyalur,Apartment," 4,427,197.00 ",2,Not Connected,No,No,Lost,,30L-50L
L0598,2026-05-16 01:22:10,Website,Thudiyalur,Apartment," 3,439,358.00 ",5,Connected,Yes,Yes,Converted,3200000,30L-50L
L0599,2026-05-16 06:47:56,Website,Thudiyalur,Apartment," 3,020,855.00 ",1,Connected,No,No,Lost,,30L-50L
L0600,2026-05-16 12:13:42,Website,Saravanampatti,Apartment," 3,811,527.00 ",4,Connected,Yes,Yes,Converted,3600000,30L-50L
L0601,2026-05-16 17:39:28,Website,Thudiyalur,Villa," 15,607,324.00 ",3,Connected,No,Yes,Converted,16250000,Above 1.2Cr
L0602,2026-05-16 23:05:14,Google,Coimbatore,Apartment," 3,356,427.00 ",4,Connected,No,No,Lost,,30L-50L
L0603,2026-05-17 04:30:59,Website,Thudiyalur,Villa," 7,928,854.00 ",2,Connected,No,Yes,Converted,8300000,50L-80L
L0604,2026-05-17 09:56:45,Website,Coimbatore,Apartment," 3,115,657.00 ",3,Connected,Yes,No,Follow-up,,30L-50L
L0605,2026-05-17 15:22:31,Website,Thudiyalur,Apartment," 4,622,036.00 ",5,Connected,Yes,No,Follow-up,,30L-50L
L0606,2026-05-17 20:48:17,Facebook,periyanayakanpalayam,Apartment," 5,412,677.00 ",2,Connected,No,Yes,Lost,,50L-80L
L0607,2026-05-18 02:14:03,Google,Thudiyalur,Apartment," 4,569,519.00 ",2,Connected,No,No,Lost,,30L-50L
L0608,2026-05-18 07:39:49,Google,panneermadai,Apartment," 3,667,565.00 ",3,Connected,Yes,Yes,Converted,3750000,30L-50L
L0609,2026-05-18 13:05:35,Facebook,Thudiyalur,Villa," 10,347,757.00 ",4,Connected,Yes,Yes,Follow-up,,80L-1.2Cr
L0610,2026-05-18 18:31:21,Instagram,periyanayakanpalayam,Apartment," 5,601,888.00 ",2,Connected,Yes,Yes,Converted,5350000,50L-80L
L0611,2026-05-18 23:57:07,Website,Saravanampatti,Plot," 2,179,222.00 ",5,Connected,Yes,No,Follow-up,,Below 30L
L0612,2026-05-19 05:22:53,Property Portal,Ramanathapuram,Apartment," 4,390,227.00 ",2,Connected,Yes,No,Follow-up,,30L-50L
L0613,2026-05-19 10:48:39,Instagram,periyanayakanpalayam,Apartment," 6,077,791.00 ",2,Not Connected,No,No,Lost,,50L-80L
L0614,2026-05-19 16:14:25,Website,Coimbatore,Villa," 7,084,309.00 ",4,Connected,No,No,Lost,,50L-80L
L0615,2026-05-19 21:40:11,Property Portal,Coimbatore,Apartment," 3,170,948.00 ",3,Connected,No,No,Lost,,30L-50L
L0616,2026-05-20 03:05:57,Referral,Ramanathapuram,Apartment," 6,071,870.00 ",5,Connected,Unknown,Yes,Follow-up,,50L-80L
L0617,2026-05-20 08:31:43,Website,Saravanampatti,Apartment," 3,501,793.00 ",6,Connected,Yes,No,Follow-up,,30L-50L
L0618,2026-05-20 13:57:29,Google,Ramanathapuram,Apartment," 3,268,508.00 ",2,Connected,Yes,No,Follow-up,,30L-50L
L0619,2026-05-20 19:23:15,Property Portal,periyanayakanpalayam,Plot," 2,282,259.00 ",1,Not Connected,Yes,No,Follow-up,,Below 30L
L0620,2026-05-21 00:49:01,Property Portal,Ramanathapuram,Apartment," 3,176,968.00 ",1,Not Connected,Yes,No,Follow-up,,30L-50L
L0621,2026-05-21 06:14:46,Website,periyanayakanpalayam,Villa," 6,735,122.00 ",4,Not Connected,Yes,No,Follow-up,,50L-80L
L0622,2026-05-21 11:40:32,Google,Thudiyalur,Plot," 3,506,996.00 ",5,Not Connected,Yes,No,Follow-up,,30L-50L
L0623,2026-05-21 17:06:18,Google,periyanayakanpalayam,Apartment," 6,136,793.00 ",1,Connected,Yes,No,Follow-up,,50L-80L
L0624,2026-05-21 22:32:04,Facebook,Saravanampatti,Plot," 2,238,591.00 ",1,Connected,No,No,Lost,,Below 30L
L0625,2026-05-22 03:57:50,Instagram,Thudiyalur,Apartment," 4,583,794.00 ",1,Connected,Yes,Yes,Follow-up,,30L-50L
L0626,2026-05-22 09:23:36,Google,Ramanathapuram,Plot," 2,083,510.00 ",4,Connected,Yes,Yes,Follow-up,,Below 30L
L0627,2026-05-22 14:49:22,Facebook,Thudiyalur,Apartment," 5,028,037.00 ",2,Not Connected,Yes,No,Follow-up,,50L-80L
L0628,2026-05-22 20:15:08,Property Portal,periyanayakanpalayam,Villa," 6,584,668.00 ",2,Connected,Yes,No,Follow-up,,50L-80L
L0629,2026-05-23 01:40:54,Website,Thudiyalur,Apartment," 8,193,482.00 ",3,Not Connected,No,No,Lost,,80L-1.2Cr
L0630,2026-05-23 07:06:40,Google,periyanayakanpalayam,Apartment," 3,964,190.00 ",4,Connected,Yes,No,Converted,3800000,30L-50L
L0631,2026-05-23 12:32:26,Instagram,panneermadai,Villa," 15,081,363.00 ",3,Not Connected,No,No,Lost,,Above 1.2Cr
L0632,2026-05-23 17:58:12,Property Portal,Coimbatore,Villa," 7,041,566.00 ",3,Not Connected,Yes,No,Follow-up,,50L-80L
L0633,2026-05-23 23:23:58,Facebook,Ramanathapuram,Apartment," 5,231,577.00 ",1,Not Connected,No,No,Lost,,50L-80L
L0634,2026-05-24 04:49:44,Facebook,panneermadai,Apartment," 5,387,199.00 ",3,Connected,Yes,No,Follow-up,,50L-80L
L0635,2026-05-24 10:15:30,Website,Saravanampatti,Villa," 7,835,295.00 ",4,Connected,Yes,Yes,Follow-up,,50L-80L
L0636,2026-05-24 15:41:16,Facebook,Thudiyalur,Villa," 8,747,668.00 ",6,Connected,Yes,Yes,Follow-up,,80L-1.2Cr
L0637,2026-05-24 21:07:02,Facebook,Coimbatore,Plot," 2,014,241.00 ",1,Not Connected,No,No,Lost,,Below 30L
L0638,2026-05-25 02:32:48,Google,Thudiyalur,Villa," 7,417,231.00 ",1,Not Connected,Yes,No,Follow-up,,50L-80L
L0639,2026-05-25 07:58:34,Google,Saravanampatti,Plot," 2,027,466.00 ",1,Connected,Yes,No,Converted,2050000,Below 30L
L0640,2026-05-25 13:24:19,Google,Saravanampatti,Villa," 7,151,882.00 ",2,Connected,No,No,Lost,,50L-80L
L0641,2026-05-25 18:50:05,Website,periyanayakanpalayam,Apartment," 5,444,132.00 ",4,Not Connected,No,No,Lost,,50L-80L
L0642,2026-05-26 00:15:51,Google,panneermadai,Apartment," 5,200,271.00 ",1,Connected,Yes,No,Follow-up,,50L-80L
L0643,2026-05-26 05:41:37,Google,periyanayakanpalayam,Villa," 8,928,639.00 ",2,Not Connected,Yes,No,Follow-up,,80L-1.2Cr
L0644,2026-05-26 11:07:23,Google,Ramanathapuram,Villa," 8,692,459.00 ",2,Connected,Yes,No,Follow-up,,80L-1.2Cr
L0645,2026-05-26 16:33:09,Website,Thudiyalur,Apartment," 7,024,609.00 ",1,Connected,No,No,Lost,,50L-80L
L0646,2026-05-26 21:58:55,Property Portal,panneermadai,Apartment," 5,177,045.00 ",2,Connected,Yes,No,Follow-up,,50L-80L
L0647,2026-05-27 03:24:41,Instagram,Thudiyalur,Plot," 3,415,106.00 ",2,Connected,No,No,Lost,,30L-50L
L0648,2026-05-27 08:50:27,Instagram,panneermadai,Apartment," 6,252,836.00 ",2,Connected,No,No,Lost,,50L-80L
L0649,2026-05-27 14:16:13,Property Portal,panneermadai,Apartment," 4,003,466.00 ",4,Connected,No,No,Lost,,30L-50L
L0650,2026-05-27 19:41:59,Facebook,Ramanathapuram,Apartment," 6,546,251.00 ",3,Connected,No,No,Lost,,50L-80L
L0651,2026-05-28 01:07:45,Website,Thudiyalur,Apartment," 7,850,851.00 ",1,Connected,Yes,No,Follow-up,,50L-80L
L0652,2026-05-28 06:33:31,Facebook,Coimbatore,Apartment," 3,920,041.00 ",6,Connected,Yes,No,Converted,3650000,30L-50L
L0653,2026-05-28 11:59:17,Instagram,Thudiyalur,Apartment," 8,943,446.00 ",3,Not Connected,No,No,Lost,,80L-1.2Cr
L0654,2026-05-28 17:25:03,Property Portal,Coimbatore,Apartment," 6,233,264.00 ",4,Not Connected,No,No,Lost,,50L-80L
L0655,2026-05-28 22:50:49,Facebook,Thudiyalur,Villa," 7,587,893.00 ",1,Not Connected,Yes,No,Follow-up,,50L-80L
L0656,2026-05-29 04:16:35,Website,Saravanampatti,Apartment," 3,188,069.00 ",1,Not Connected,No,No,Lost,,30L-50L
L0657,2026-05-29 09:42:21,Google,periyanayakanpalayam,Plot," 2,873,279.00 ",1,Not Connected,No,No,Lost,,Below 30L
L0658,2026-05-29 15:08:06,Google,Coimbatore,Plot," 2,319,497.00 ",1,Connected,No,No,Lost,,Below 30L
L0659,2026-05-29 20:33:52,Instagram,Coimbatore,Apartment," 4,418,060.00 ",2,Not Connected,No,Yes,Lost,,30L-50L
L0660,2026-05-30 01:59:38,Facebook,periyanayakanpalayam,Villa," 8,944,719.00 ",5,Connected,Yes,No,Follow-up,,80L-1.2Cr
L0661,2026-05-30 07:25:24,Google,Ramanathapuram,Apartment," 3,491,215.00 ",2,Connected,No,Yes,Converted,3650000,30L-50L
L0662,2026-05-30 12:51:10,Referral,periyanayakanpalayam,Plot," 2,897,203.00 ",2,Connected,No,Yes,Lost,,Below 30L
L0663,2026-05-30 18:16:56,Instagram,Saravanampatti,Apartment," 5,185,339.00 ",3,Not Connected,No,No,Lost,,50L-80L
L0664,2026-05-30 23:42:42,Google,periyanayakanpalayam,Villa," 10,640,322.00 ",1,Connected,Yes,Yes,Converted,10100000,80L-1.2Cr
L0665,2026-05-31 05:08:28,Website,Saravanampatti,Villa," 7,683,032.00 ",3,Connected,Yes,Yes,Converted,8050000,50L-80L
L0666,2026-05-31 10:34:14,Website,panneermadai,Apartment," 8,260,329.00 ",3,Connected,Yes,Yes,Converted,8150000,80L-1.2Cr
L0667,2026-05-31 16:00:00,Google,Thudiyalur,Apartment," 4,545,257.00 ",4,Connected,Yes,Yes,Follow-up,,30L-50L
L0668,2026-05-31 21:25:46,Website,Saravanampatti,Villa," 9,002,265.00 ",6,Connected,Yes,No,Converted,9200000,80L-1.2Cr
L0669,2026-06-01 02:51:32,Website,Thudiyalur,Villa," 8,183,955.00 ",2,Connected,No,No,Converted,7550000,80L-1.2Cr
L0670,2026-06-01 08:17:18,Google,panneermadai,Apartment," 4,979,810.00 ",3,Connected,Yes,No,Converted,5150000,30L-50L
L0671,2026-06-01 13:43:04,Website,Coimbatore,Villa," 7,261,179.00 ",5,Connected,Yes,Yes,Follow-up,,50L-80L
L0672,2026-06-01 19:08:50,Property Portal,Saravanampatti,Apartment," 6,267,414.00 ",4,Not Connected,No,No,Lost,,50L-80L
L0673,2026-06-02 00:34:36,Website,Saravanampatti,Villa," 7,971,277.00 ",2,Not Connected,No,No,Lost,,50L-80L
L0674,2026-06-02 06:00:22,Facebook,panneermadai,Apartment," 4,352,206.00 ",5,Connected,No,No,Lost,,30L-50L
L0675,2026-06-02 11:26:08,Facebook,panneermadai,Plot," 6,902,717.00 ",1,Not Connected,No,No,Lost,,50L-80L
L0676,2026-06-02 16:51:54,Referral,Coimbatore,Apartment," 3,249,737.00 ",5,Connected,Yes,No,Follow-up,,30L-50L
L0677,2026-06-02 22:17:39,Website,Thudiyalur,Apartment," 6,496,645.00 ",1,Connected,Yes,No,Follow-up,,50L-80L
L0678,2026-06-03 03:43:25,Google,Coimbatore,Apartment," 5,093,806.00 ",3,Connected,No,No,Lost,,50L-80L
L0679,2026-06-03 09:09:11,Referral,Thudiyalur,Apartment," 5,428,058.00 ",5,Connected,Yes,No,Follow-up,,50L-80L
L0680,2026-06-03 14:34:57,Property Portal,Ramanathapuram,Apartment," 3,923,639.00 ",2,Connected,Yes,No,Converted,3750000,30L-50L
L0681,2026-06-03 20:00:43,Property Portal,Coimbatore,Apartment," 7,542,093.00 ",2,Connected,Yes,Yes,Follow-up,,50L-80L
L0682,2026-06-04 01:26:29,Google,Saravanampatti,Plot," 1,842,221.00 ",2,Connected,No,No,Lost,,Below 30L
L0683,2026-06-04 06:52:15,Website,Ramanathapuram,Apartment," 5,679,581.00 ",6,Connected,Yes,No,Follow-up,,50L-80L
L0684,2026-06-04 12:18:01,Instagram,panneermadai,Apartment," 7,354,745.00 ",4,Connected,Yes,Yes,Converted,7400000,50L-80L
L0685,2026-06-04 17:43:47,Referral,Thudiyalur,Apartment," 3,551,852.00 ",4,Connected,Yes,No,Follow-up,,30L-50L
L0686,2026-06-04 23:09:33,Facebook,Saravanampatti,Apartment," 5,031,986.00 ",3,Connected,Yes,Yes,Follow-up,,50L-80L
L0687,2026-06-05 04:35:19,Facebook,Saravanampatti,Apartment," 5,434,551.00 ",4,Connected,No,Yes,Lost,,50L-80L
L0688,2026-06-05 10:01:05,Google,periyanayakanpalayam,Apartment," 3,533,903.00 ",2,Connected,No,No,Lost,,30L-50L
L0689,2026-06-05 15:26:51,Property Portal,Ramanathapuram,Apartment," 3,916,931.00 ",2,Connected,Yes,No,Follow-up,,30L-50L
L0690,2026-06-05 20:52:37,Website,panneermadai,Apartment," 4,431,282.00 ",4,Connected,Yes,Yes,Converted,4550000,30L-50L
L0691,2026-06-06 02:18:23,Google,Thudiyalur,Apartment," 5,059,071.00 ",2,Not Connected,No,No,Lost,,50L-80L
L0692,2026-06-06 07:44:09,Facebook,periyanayakanpalayam,Villa," 6,240,011.00 ",1,Connected,Yes,Yes,Converted,5850000,50L-80L
L0693,2026-06-06 13:09:55,Facebook,Coimbatore,Apartment," 3,072,684.00 ",1,Not Connected,Yes,No,Follow-up,,30L-50L
L0694,2026-06-06 18:35:41,Google,Thudiyalur,Apartment," 6,288,221.00 ",1,Connected,Yes,No,Follow-up,,50L-80L
L0695,2026-06-07 00:01:26,Website,Coimbatore,Plot," 2,783,871.00 ",5,Connected,Yes,No,Follow-up,,Below 30L
L0696,2026-06-07 05:27:12,Instagram,Thudiyalur,Apartment," 6,330,289.00 ",2,Connected,Yes,Yes,Converted,6200000,50L-80L
L0697,2026-06-07 10:52:58,Google,Thudiyalur,Villa," 10,341,647.00 ",4,Connected,No,No,Lost,,80L-1.2Cr
L0698,2026-06-07 16:18:44,Instagram,Thudiyalur,Apartment," 6,179,109.00 ",2,Connected,No,No,Lost,,50L-80L
L0699,2026-06-07 21:44:30,Website,Saravanampatti,Villa," 7,596,246.00 ",2,Connected,No,Yes,Lost,,50L-80L
L0700,2026-06-08 03:10:16,Facebook,periyanayakanpalayam,Villa," 10,750,619.00 ",2,Not Connected,Yes,No,Follow-up,,80L-1.2Cr
L0701,2026-06-08 08:36:02,Facebook,Saravanampatti,Apartment," 3,372,778.00 ",4,Not Connected,No,No,Lost,,30L-50L
L0702,2026-06-08 14:01:48,Website,Coimbatore,Plot," 2,457,726.00 ",3,Connected,Yes,Yes,Converted,2400000,Below 30L
L0703,2026-06-08 19:27:34,Google,Coimbatore,Apartment," 3,676,315.00 ",5,Connected,Yes,No,Follow-up,,30L-50L
L0704,2026-06-09 00:53:20,Website,periyanayakanpalayam,Apartment," 3,868,277.00 ",3,Connected,No,No,Lost,,30L-50L
L0705,2026-06-09 06:19:06,Website,Coimbatore,Villa," 8,425,767.00 ",3,Connected,Yes,Yes,Converted,8100000,80L-1.2Cr
L0706,2026-06-09 11:44:52,Referral,Thudiyalur,Plot," 6,564,372.00 ",3,Connected,Yes,Yes,Follow-up,,50L-80L
L0707,2026-06-09 17:10:38,Google,Ramanathapuram,Apartment," 5,793,513.00 ",5,Connected,Yes,Yes,Follow-up,,50L-80L
L0708,2026-06-09 22:36:24,Property Portal,Thudiyalur,Apartment," 5,558,303.00 ",4,Not Connected,Yes,No,Follow-up,,50L-80L
L0709,2026-06-10 04:02:10,Google,Ramanathapuram,Apartment," 4,913,462.00 ",1,Connected,Yes,No,Follow-up,,30L-50L
L0710,2026-06-10 09:27:56,Instagram,Ramanathapuram,Apartment," 4,783,461.00 ",3,Not Connected,No,No,Converted,4700000,30L-50L
L0711,2026-06-10 14:53:42,Property Portal,Thudiyalur,Villa," 6,278,104.00 ",3,Connected,No,No,Lost,,50L-80L
L0712,2026-06-10 20:19:28,Instagram,Thudiyalur,Apartment," 3,287,360.00 ",4,Not Connected,No,No,Lost,,30L-50L
L0713,2026-06-11 01:45:14,Facebook,panneermadai,Apartment," 3,597,578.00 ",1,Connected,Yes,No,Follow-up,,30L-50L
L0714,2026-06-11 07:10:59,Facebook,periyanayakanpalayam,Apartment," 5,495,894.00 ",5,Connected,Yes,Yes,Converted,5300000,50L-80L
L0715,2026-06-11 12:36:45,Google,Thudiyalur,Apartment," 3,573,340.00 ",6,Connected,Yes,No,Follow-up,,30L-50L
L0716,2026-06-11 18:02:31,Referral,Saravanampatti,Apartment," 3,880,147.00 ",1,Not Connected,No,No,Lost,,30L-50L
L0717,2026-06-11 23:28:17,Property Portal,Thudiyalur,Villa," 11,469,471.00 ",5,Connected,Yes,No,Follow-up,,80L-1.2Cr
L0718,2026-06-12 04:54:03,Referral,Ramanathapuram,Plot," 1,843,150.00 ",1,Connected,Yes,No,Follow-up,,Below 30L
L0719,2026-06-12 10:19:49,Website,Saravanampatti,Plot," 2,643,489.00 ",1,Not Connected,No,No,Lost,,Below 30L
L0720,2026-06-12 15:45:35,Property Portal,Thudiyalur,Apartment," 4,769,638.00 ",1,Not Connected,No,No,Lost,,30L-50L
L0721,2026-06-12 21:11:21,Referral,Thudiyalur,Plot," 4,365,104.00 ",1,Connected,No,No,Lost,,30L-50L
L0722,2026-06-13 02:37:07,Website,Thudiyalur,Villa," 8,406,530.00 ",4,Connected,Yes,Yes,Follow-up,,80L-1.2Cr
L0723,2026-06-13 08:02:53,Website,Coimbatore,Villa," 11,083,237.00 ",1,Not Connected,No,No,Lost,,80L-1.2Cr
L0724,2026-06-13 13:28:39,Property Portal,Thudiyalur,Apartment," 4,769,516.00 ",2,Not Connected,No,No,Lost,,30L-50L
L0725,2026-06-13 18:54:25,Facebook,Ramanathapuram,Apartment," 6,200,116.00 ",1,Connected,Yes,No,Follow-up,,50L-80L
L0726,2026-06-14 00:20:11,Property Portal,Thudiyalur,Apartment," 5,792,036.00 ",2,Connected,Yes,Yes,Converted,5600000,50L-80L
L0727,2026-06-14 05:45:57,Website,periyanayakanpalayam,Apartment," 3,237,330.00 ",1,Connected,No,Yes,Converted,3250000,30L-50L
L0728,2026-06-14 11:11:43,Property Portal,Saravanampatti,Apartment," 4,637,901.00 ",3,Not Connected,No,No,Lost,,30L-50L
L0729,2026-06-14 16:37:29,Google,panneermadai,Apartment," 6,054,317.00 ",1,Connected,No,No,Lost,,50L-80L
L0730,2026-06-14 22:03:15,Website,Ramanathapuram,Apartment," 3,698,419.00 ",5,Connected,Yes,Yes,Converted,3700000,30L-50L
L0731,2026-06-15 03:29:01,Website,Coimbatore,Villa," 11,120,269.00 ",4,Connected,Yes,No,Follow-up,,80L-1.2Cr
L0732,2026-06-15 08:54:46,Property Portal,Ramanathapuram,Apartment," 6,410,995.00 ",1,Not Connected,Yes,No,Follow-up,,50L-80L
L0733,2026-06-15 14:20:32,Instagram,periyanayakanpalayam,Apartment," 4,158,343.00 ",5,Connected,Yes,No,Follow-up,,30L-50L
L0734,2026-06-15 19:46:18,Facebook,Coimbatore,Plot," 7,674,416.00 ",1,Connected,Yes,No,Follow-up,,50L-80L
L0735,2026-06-16 01:12:04,Google,Thudiyalur,Plot," 2,462,454.00 ",1,Connected,Yes,Yes,Converted,2350000,Below 30L
L0736,2026-06-16 06:37:50,Property Portal,Saravanampatti,Villa," 10,041,020.00 ",1,Not Connected,No,No,Lost,,80L-1.2Cr
L0737,2026-06-16 12:03:36,Google,periyanayakanpalayam,Plot," 3,195,000.00 ",2,Connected,Yes,Yes,Follow-up,,30L-50L
L0738,2026-06-16 17:29:22,Property Portal,Thudiyalur,Apartment," 3,063,014.00 ",3,Connected,Yes,No,Follow-up,,30L-50L
L0739,2026-06-16 22:55:08,Facebook,Coimbatore,Plot," 7,282,703.00 ",4,Connected,Yes,No,Converted,7550000,50L-80L
L0740,2026-06-17 04:20:54,Google,Coimbatore,Apartment," 5,970,414.00 ",2,Not Connected,No,No,Lost,,50L-80L
L0741,2026-06-17 09:46:40,Facebook,panneermadai,Apartment," 4,094,697.00 ",4,Connected,No,Yes,Lost,,30L-50L
L0742,2026-06-17 15:12:26,Google,Ramanathapuram,Apartment," 4,822,342.00 ",1,Connected,No,Yes,Converted,5000000,30L-50L
L0743,2026-06-17 20:38:12,Property Portal,panneermadai,Apartment," 5,797,683.00 ",4,Connected,Yes,Yes,Follow-up,,50L-80L
L0744,2026-06-18 02:03:58,Facebook,Thudiyalur,Apartment," 6,041,038.00 ",1,Not Connected,No,No,Lost,,50L-80L
L0745,2026-06-18 07:29:44,Google,Coimbatore,Villa," 11,102,353.00 ",1,Not Connected,Yes,No,Follow-up,,80L-1.2Cr
L0746,2026-06-18 12:55:30,Property Portal,periyanayakanpalayam,Villa," 10,537,313.00 ",1,Not Connected,No,No,Lost,,80L-1.2Cr
L0747,2026-06-18 18:21:16,Google,Thudiyalur,Villa," 16,720,059.00 ",1,Not Connected,No,No,Converted,16500000,Above 1.2Cr
L0748,2026-06-18 23:47:02,Facebook,Thudiyalur,Apartment," 3,346,030.00 ",3,Connected,Yes,No,Follow-up,,30L-50L
L0749,2026-06-19 05:12:48,Referral,panneermadai,Plot," 2,962,538.00 ",4,Not Connected,No,No,Lost,,Below 30L
L0750,2026-06-19 10:38:34,Instagram,Thudiyalur,Villa," 14,026,820.00 ",1,Connected,Yes,No,Follow-up,,Above 1.2Cr
L0751,2026-06-19 16:04:19,Website,periyanayakanpalayam,Apartment," 3,335,513.00 ",4,Not Connected,No,No,Lost,,30L-50L
L0752,2026-06-19 21:30:05,Referral,Thudiyalur,Villa," 10,169,772.00 ",3,Connected,No,Yes,Converted,9950000,80L-1.2Cr
L0753,2026-06-20 02:55:51,Instagram,Thudiyalur,Apartment," 3,886,388.00 ",5,Connected,Yes,No,Follow-up,,30L-50L
L0754,2026-06-20 08:21:37,Google,Thudiyalur,Apartment," 6,453,589.00 ",1,Not Connected,No,No,Lost,,50L-80L
L0755,2026-06-20 13:47:23,Website,Saravanampatti,Plot," 2,534,104.00 ",2,Connected,Yes,Yes,Follow-up,,Below 30L
L0756,2026-06-20 19:13:09,Property Portal,panneermadai,Apartment," 7,344,157.00 ",5,Connected,Yes,No,Follow-up,,50L-80L
L0757,2026-06-21 00:38:55,Instagram,Saravanampatti,Apartment," 5,777,881.00 ",3,Connected,No,No,Lost,,50L-80L
L0758,2026-06-21 06:04:41,Facebook,periyanayakanpalayam,Plot," 5,815,364.00 ",2,Connected,No,No,Lost,,50L-80L
L0759,2026-06-21 11:30:27,Property Portal,Thudiyalur,Villa," 7,694,000.00 ",1,Not Connected,No,No,Lost,,50L-80L
L0760,2026-06-21 16:56:13,Property Portal,periyanayakanpalayam,Apartment," 4,972,698.00 ",2,Connected,Yes,Yes,Converted,4800000,30L-50L
L0761,2026-06-21 22:21:59,Website,periyanayakanpalayam,Apartment," 3,685,493.00 ",3,Not Connected,No,No,Lost,,30L-50L
L0762,2026-06-22 03:47:45,Google,panneermadai,Apartment," 6,493,133.00 ",4,Connected,Yes,Yes,Converted,6550000,50L-80L
L0763,2026-06-22 09:13:31,Google,Thudiyalur,Villa," 8,399,771.00 ",1,Connected,Yes,Yes,Follow-up,,80L-1.2Cr
L0764,2026-06-22 14:39:17,Property Portal,periyanayakanpalayam,Apartment," 6,261,593.00 ",3,Not Connected,No,No,Lost,,50L-80L
L0765,2026-06-22 20:05:03,Website,Thudiyalur,Apartment," 3,107,573.00 ",3,Connected,Yes,Yes,Converted,3150000,30L-50L
L0766,2026-06-23 01:30:49,Facebook,Coimbatore,Plot," 3,269,153.00 ",3,Not Connected,No,No,Lost,,30L-50L
L0767,2026-06-23 06:56:35,Property Portal,Ramanathapuram,Apartment," 5,796,718.00 ",3,Connected,Yes,Yes,Converted,5500000,50L-80L
L0768,2026-06-23 12:22:21,Property Portal,periyanayakanpalayam,Apartment," 4,200,475.00 ",4,Connected,Yes,Yes,Follow-up,,30L-50L
L0769,2026-06-23 17:48:06,Google,Coimbatore,Apartment," 8,937,840.00 ",2,Connected,Yes,Yes,Follow-up,,80L-1.2Cr
L0770,2026-06-23 23:13:52,Property Portal,Coimbatore,Villa," 7,346,652.00 ",5,Connected,Yes,Yes,Converted,7400000,50L-80L
L0771,2026-06-24 04:39:38,Website,periyanayakanpalayam,Apartment," 8,480,408.00 ",1,Connected,Yes,No,Follow-up,,80L-1.2Cr
L0772,2026-06-24 10:05:24,Property Portal,panneermadai,Apartment," 7,301,126.00 ",1,Not Connected,No,No,Lost,,50L-80L
L0773,2026-06-24 15:31:10,Website,Saravanampatti,Plot," 1,595,790.00 ",2,Connected,Yes,No,Follow-up,,Below 30L
L0774,2026-06-24 20:56:56,Google,Saravanampatti,Apartment," 6,268,694.00 ",1,Connected,Yes,Yes,Follow-up,,50L-80L
L0775,2026-06-25 02:22:42,Property Portal,panneermadai,Apartment," 6,265,798.00 ",1,Connected,Yes,Yes,Converted,5950000,50L-80L
L0776,2026-06-25 07:48:28,Website,Coimbatore,Apartment," 6,259,449.00 ",1,Connected,Yes,Yes,Converted,5750000,50L-80L
L0777,2026-06-25 13:14:14,Google,Ramanathapuram,Apartment," 7,908,278.00 ",4,Connected,No,No,Lost,,50L-80L
L0778,2026-06-25 18:40:00,Instagram,Coimbatore,Apartment," 3,279,720.00 ",1,Not Connected,No,No,Lost,,30L-50L
L0779,2026-06-26 00:05:46,Instagram,Thudiyalur,Apartment," 4,131,960.00 ",4,Not Connected,Yes,No,Follow-up,,30L-50L
L0780,2026-06-26 05:31:32,Instagram,panneermadai,Apartment," 5,331,869.00 ",1,Not Connected,Yes,No,Follow-up,,50L-80L
L0781,2026-06-26 10:57:18,Instagram,Thudiyalur,Apartment," 3,022,490.00 ",5,Connected,Yes,No,Follow-up,,30L-50L
L0782,2026-06-26 16:23:04,Facebook,Saravanampatti,Plot," 2,105,108.00 ",4,Connected,Yes,Yes,Follow-up,,Below 30L
L0783,2026-06-26 21:48:50,Google,periyanayakanpalayam,Plot," 3,001,540.00 ",1,Not Connected,No,No,Lost,,30L-50L
L0784,2026-06-27 03:14:36,Google,Ramanathapuram,Villa," 8,812,580.00 ",4,Connected,Yes,No,Follow-up,,80L-1.2Cr
L0785,2026-06-27 08:40:22,Website,Ramanathapuram,Plot," 3,063,966.00 ",3,Connected,Yes,Yes,Follow-up,,30L-50L
L0786,2026-06-27 14:06:08,Referral,Saravanampatti,Apartment," 4,380,642.00 ",4,Connected,Yes,No,Follow-up,,30L-50L
L0787,2026-06-27 19:31:54,Instagram,Ramanathapuram,Plot," 2,691,890.00 ",3,Connected,Yes,Yes,Converted,2700000,Below 30L
L0788,2026-06-28 00:57:39,Facebook,Ramanathapuram,Apartment," 3,795,379.00 ",3,Not Connected,Yes,No,Follow-up,,30L-50L
L0789,2026-06-28 06:23:25,Facebook,Thudiyalur,Plot," 2,804,397.00 ",4,Connected,No,No,Lost,,Below 30L
L0790,2026-06-28 11:49:11,Referral,periyanayakanpalayam,Plot," 2,406,395.00 ",2,Not Connected,Yes,No,Follow-up,,Below 30L
L0791,2026-06-28 17:14:57,Website,Thudiyalur,Villa," 6,336,430.00 ",1,Connected,No,Yes,Converted,6350000,50L-80L
L0792,2026-06-28 22:40:43,Instagram,Ramanathapuram,Plot," 6,944,607.00 ",4,Connected,No,No,Lost,,50L-80L
L0793,2026-06-29 04:06:29,Facebook,periyanayakanpalayam,Villa," 10,807,601.00 ",2,Not Connected,No,No,Lost,,80L-1.2Cr
L0794,2026-06-29 09:32:15,Instagram,Ramanathapuram,Apartment," 5,684,686.00 ",2,Connected,Yes,Yes,Follow-up,,50L-80L
L0795,2026-06-29 14:58:01,Website,Thudiyalur,Apartment," 5,350,983.00 ",1,Connected,Yes,No,Follow-up,,50L-80L
L0796,2026-06-29 20:23:47,Property Portal,Thudiyalur,Villa," 10,972,478.00 ",2,Connected,No,No,Lost,,80L-1.2Cr
L0797,2026-06-30 01:49:33,Referral,Ramanathapuram,Apartment," 4,187,018.00 ",6,Connected,No,No,Lost,,30L-50L
L0798,2026-06-30 07:15:19,Facebook,Thudiyalur,Villa," 11,717,676.00 ",2,Not Connected,Yes,No,Follow-up,,80L-1.2Cr
L0799,2026-06-30 12:41:05,Instagram,Thudiyalur,Plot," 4,144,338.00 ",2,Connected,No,No,Lost,,30L-50L
L0800,2026-06-30 18:06:51,Referral,Thudiyalur,Apartment," 4,153,276.00 ",3,Not Connected,No,No,Lost,,30L-50L
L0801,2026-06-30 23:32:37,Instagram,Saravanampatti,Villa," 6,573,881.00 ",4,Not Connected,No,No,Lost,,50L-80L
L0802,2026-07-01 04:58:23,Website,Ramanathapuram,Plot," 7,102,362.00 ",2,Connected,No,No,Lost,,50L-80L
L0803,2026-07-01 10:24:09,Facebook,Coimbatore,Plot," 2,817,931.00 ",2,Not Connected,No,No,Lost,,Below 30L
L0804,2026-07-01 15:49:55,Instagram,Coimbatore,Plot," 2,141,621.00 ",5,Connected,Yes,No,Follow-up,,Below 30L
L0805,2026-07-01 21:15:41,Facebook,Coimbatore,Apartment," 5,757,362.00 ",3,Connected,No,Yes,Converted,5600000,50L-80L
L0806,2026-07-02 02:41:26,Property Portal,panneermadai,Plot," 4,676,645.00 ",1,Connected,No,No,Lost,,30L-50L
L0807,2026-07-02 08:07:12,Referral,Ramanathapuram,Villa," 8,293,673.00 ",1,Connected,No,Yes,Converted,8200000,80L-1.2Cr
L0808,2026-07-02 13:32:58,Referral,Thudiyalur,Apartment," 4,949,765.00 ",2,Not Connected,Yes,No,Follow-up,,30L-50L
L0809,2026-07-02 18:58:44,Facebook,Thudiyalur,Apartment," 5,598,590.00 ",1,Not Connected,No,No,Lost,,50L-80L
L0810,2026-07-03 00:24:30,Website,Thudiyalur,Villa," 6,426,888.00 ",2,Connected,Yes,Yes,Follow-up,,50L-80L
L0811,2026-07-03 05:50:16,Referral,Ramanathapuram,Apartment," 7,410,156.00 ",5,Connected,No,Yes,Converted,7750000,50L-80L
L0812,2026-07-03 11:16:02,Property Portal,panneermadai,Villa," 8,763,329.00 ",1,Connected,Yes,No,Converted,8750000,80L-1.2Cr
L0813,2026-07-03 16:41:48,Website,Thudiyalur,Villa," 10,228,783.00 ",4,Connected,No,No,Lost,,80L-1.2Cr
L0814,2026-07-03 22:07:34,Referral,Thudiyalur,Apartment," 5,292,039.00 ",2,Connected,Yes,Yes,Converted,5300000,50L-80L
L0815,2026-07-04 03:33:20,Property Portal,Thudiyalur,Villa," 6,614,673.00 ",4,Connected,Yes,Yes,Follow-up,,50L-80L
L0816,2026-07-04 08:59:06,Facebook,Saravanampatti,Villa," 8,755,659.00 ",4,Connected,Yes,Yes,Converted,8150000,80L-1.2Cr
L0817,2026-07-04 14:24:52,Instagram,Coimbatore,Apartment," 5,254,086.00 ",1,Not Connected,No,No,Lost,,50L-80L
L0818,2026-07-04 19:50:38,Google,panneermadai,Apartment," 3,835,488.00 ",3,Connected,Yes,No,Follow-up,,30L-50L
L0819,2026-07-05 01:16:24,Website,Ramanathapuram,Apartment," 4,974,719.00 ",1,Not Connected,Yes,No,Follow-up,,30L-50L
L0820,2026-07-05 06:42:10,Google,Coimbatore,Apartment," 5,225,572.00 ",5,Connected,No,No,Lost,,50L-80L
L0821,2026-07-05 12:07:56,Property Portal,Thudiyalur,Unknown," 2,838,563.00 ",5,Connected,Yes,No,Follow-up,,Below 30L
L0822,2026-07-05 17:33:42,Website,Thudiyalur,Apartment," 4,021,911.00 ",2,Not Connected,No,No,Lost,,30L-50L
L0823,2026-07-05 22:59:28,Google,Ramanathapuram,Villa," 11,665,356.00 ",2,Connected,No,No,Lost,,80L-1.2Cr
L0824,2026-07-06 04:25:14,Google,panneermadai,Apartment," 7,771,210.00 ",2,Not Connected,No,No,Converted,7300000,50L-80L
L0825,2026-07-06 09:50:59,Facebook,Ramanathapuram,Apartment," 6,297,305.00 ",4,Not Connected,No,No,Converted,6050000,50L-80L
L0826,2026-07-06 15:16:45,Referral,periyanayakanpalayam,Plot," 2,914,906.00 ",2,Connected,No,No,Lost,,Below 30L
L0827,2026-07-06 20:42:31,Google,Thudiyalur,Villa," 12,421,774.00 ",2,Not Connected,No,No,Lost,,Above 1.2Cr
L0828,2026-07-07 02:08:17,Google,Saravanampatti,Apartment," 3,368,863.00 ",2,Not Connected,Yes,No,Follow-up,,30L-50L
L0829,2026-07-07 07:34:03,Property Portal,panneermadai,Apartment," 3,697,974.00 ",1,Connected,No,No,Lost,,30L-50L
L0830,2026-07-07 12:59:49,Facebook,Coimbatore,Apartment," 4,607,450.00 ",4,Connected,No,No,Lost,,30L-50L
L0831,2026-07-07 18:25:35,Google,Saravanampatti,Apartment," 3,072,095.00 ",1,Not Connected,No,No,Lost,,30L-50L
L0832,2026-07-07 23:51:21,Facebook,Ramanathapuram,Villa," 11,217,893.00 ",3,Not Connected,Yes,No,Follow-up,,80L-1.2Cr
L0833,2026-07-08 05:17:07,Website,periyanayakanpalayam,Apartment," 6,441,984.00 ",1,Connected,Yes,No,Follow-up,,50L-80L
L0834,2026-07-08 10:42:53,Website,panneermadai,Apartment," 4,626,203.00 ",1,Connected,Yes,Yes,Follow-up,,30L-50L
L0835,2026-07-08 16:08:39,Facebook,panneermadai,Apartment," 4,618,543.00 ",3,Not Connected,Yes,No,Follow-up,,30L-50L
L0836,2026-07-08 21:34:25,Facebook,Ramanathapuram,Plot," 3,575,611.00 ",6,Connected,Yes,Yes,Converted,3550000,30L-50L
L0837,2026-07-09 03:00:11,Referral,Thudiyalur,Plot," 1,955,433.00 ",4,Connected,No,No,Lost,,Below 30L
L0838,2026-07-09 08:25:57,Google,Coimbatore,Apartment," 4,447,307.00 ",1,Not Connected,No,No,Lost,,30L-50L
L0839,2026-07-09 13:51:43,Instagram,Saravanampatti,Villa," 7,146,204.00 ",1,Not Connected,No,No,Lost,,50L-80L
L0840,2026-07-09 19:17:29,Instagram,Thudiyalur,Apartment," 6,475,176.00 ",5,Connected,Yes,Yes,Follow-up,,50L-80L
L0841,2026-07-10 00:43:15,Website,Coimbatore,Apartment," 4,353,849.00 ",2,Not Connected,Yes,No,Follow-up,,30L-50L
L0842,2026-07-10 06:09:01,Instagram,Coimbatore,Villa," 8,139,826.00 ",1,Not Connected,No,No,Lost,,80L-1.2Cr
L0843,2026-07-10 11:34:46,Website,Coimbatore,Plot," 1,791,975.00 ",5,Connected,Yes,No,Follow-up,,Below 30L
L0844,2026-07-10 17:00:32,Referral,Ramanathapuram,Plot," 3,431,437.00 ",4,Connected,No,Yes,Converted,3500000,30L-50L
L0845,2026-07-10 22:26:18,Website,Saravanampatti,Villa," 14,877,449.00 ",6,Connected,Yes,Yes,Converted,14300000,Above 1.2Cr
L0846,2026-07-11 03:52:04,Facebook,Thudiyalur,Apartment," 5,867,373.00 ",5,Not Connected,Yes,No,Follow-up,,50L-80L
L0847,2026-07-11 09:17:50,Website,Thudiyalur,Villa," 8,365,766.00 ",5,Connected,Yes,Yes,Follow-up,,80L-1.2Cr
L0848,2026-07-11 14:43:36,Referral,Thudiyalur,Apartment," 3,517,733.00 ",1,Connected,No,Yes,Converted,3400000,30L-50L
L0849,2026-07-11 20:09:22,Facebook,Saravanampatti,Villa," 10,304,054.00 ",1,Connected,No,Yes,Lost,,80L-1.2Cr
L0850,2026-07-12 01:35:08,Instagram,Ramanathapuram,Apartment," 4,776,453.00 ",3,Not Connected,Yes,No,Follow-up,,30L-50L
L0851,2026-07-12 07:00:54,Website,Coimbatore,Villa," 9,845,802.00 ",3,Connected,No,No,Lost,,80L-1.2Cr
L0852,2026-07-12 12:26:40,Property Portal,panneermadai,Apartment," 8,082,702.00 ",2,Connected,No,No,Lost,,80L-1.2Cr
L0853,2026-07-12 17:52:26,Google,Saravanampatti,Apartment," 6,190,993.00 ",2,Connected,No,No,Converted,5900000,50L-80L
L0854,2026-07-12 23:18:12,Property Portal,panneermadai,Plot," 2,121,912.00 ",2,Not Connected,No,No,Lost,,Below 30L
L0855,2026-07-13 04:43:58,Google,Saravanampatti,Apartment," 4,017,497.00 ",3,Connected,Yes,Yes,Follow-up,,30L-50L
L0856,2026-07-13 10:09:44,Website,Thudiyalur,Apartment," 6,142,318.00 ",1,Connected,Yes,No,Follow-up,,50L-80L
L0857,2026-07-13 15:35:30,Website,panneermadai,Apartment," 3,985,976.00 ",2,Connected,Yes,No,Follow-up,,30L-50L
L0858,2026-07-13 21:01:16,Facebook,periyanayakanpalayam,Apartment," 4,273,989.00 ",3,Not Connected,Yes,No,Follow-up,,30L-50L
L0859,2026-07-14 02:27:02,Facebook,panneermadai,Apartment," 5,574,603.00 ",4,Connected,Yes,Yes,Follow-up,,50L-80L
L0860,2026-07-14 07:52:48,Website,Ramanathapuram,Apartment," 4,363,133.00 ",1,Connected,No,Yes,Lost,,30L-50L
L0861,2026-07-14 13:18:34,Property Portal,panneermadai,Plot," 1,690,285.00 ",3,Connected,No,No,Lost,,Below 30L
L0862,2026-07-14 18:44:19,Facebook,Ramanathapuram,Apartment," 3,113,978.00 ",4,Not Connected,No,No,Lost,,30L-50L
L0863,2026-07-15 00:10:05,Facebook,Thudiyalur,Plot," 1,603,864.00 ",2,Connected,Yes,Yes,Converted,1550000,Below 30L
L0864,2026-07-15 05:35:51,Facebook,periyanayakanpalayam,Villa," 6,394,295.00 ",1,Not Connected,No,No,Lost,,50L-80L
L0865,2026-07-15 11:01:37,Facebook,Saravanampatti,Apartment," 3,448,648.00 ",2,Not Connected,No,No,Lost,,30L-50L
L0866,2026-07-15 16:27:23,Facebook,Saravanampatti,Villa," 8,437,587.00 ",2,Connected,No,No,Lost,,80L-1.2Cr
L0867,2026-07-15 21:53:09,Website,Thudiyalur,Apartment," 5,555,812.00 ",5,Connected,Yes,No,Follow-up,,50L-80L
L0868,2026-07-16 03:18:55,Website,Thudiyalur,Villa," 7,771,503.00 ",1,Connected,No,Yes,Lost,,50L-80L
L0869,2026-07-16 08:44:41,Property Portal,Thudiyalur,Apartment," 6,755,494.00 ",3,Connected,Yes,Yes,Follow-up,,50L-80L
L0870,2026-07-16 14:10:27,Referral,Ramanathapuram,Apartment," 6,313,936.00 ",1,Connected,No,Yes,Lost,,50L-80L
L0871,2026-07-16 19:36:13,Google,panneermadai,Plot," 2,247,948.00 ",2,Connected,Yes,No,Converted,2350000,Below 30L
L0872,2026-07-17 01:01:59,Google,Thudiyalur,Plot," 2,728,312.00 ",3,Not Connected,No,No,Lost,,Below 30L
L0873,2026-07-17 06:27:45,Instagram,periyanayakanpalayam,Plot," 2,967,217.00 ",2,Connected,Yes,No,Follow-up,,Below 30L
L0874,2026-07-17 11:53:31,Facebook,panneermadai,Apartment," 5,787,234.00 ",2,Not Connected,No,No,Lost,,50L-80L
L0875,2026-07-17 17:19:17,Website,Ramanathapuram,Villa," 8,756,813.00 ",1,Connected,No,No,Lost,,80L-1.2Cr
L0876,2026-07-17 22:45:03,Website,periyanayakanpalayam,Apartment," 4,804,959.00 ",2,Connected,No,No,Lost,,30L-50L
L0877,2026-07-18 04:10:49,Instagram,periyanayakanpalayam,Apartment," 4,670,957.00 ",3,Not Connected,Yes,No,Follow-up,,30L-50L
L0878,2026-07-18 09:36:35,Instagram,periyanayakanpalayam,Apartment," 4,410,808.00 ",2,Connected,Yes,Yes,Converted,4400000,30L-50L
L0879,2026-07-18 15:02:21,Website,Coimbatore,Villa," 8,521,651.00 ",5,Connected,Yes,No,Follow-up,,80L-1.2Cr
L0880,2026-07-18 20:28:06,Google,periyanayakanpalayam,Apartment," 8,373,205.00 ",3,Connected,No,No,Lost,,80L-1.2Cr
L0881,2026-07-19 01:53:52,Google,Ramanathapuram,Apartment," 5,316,142.00 ",2,Connected,No,Yes,Converted,5000000,50L-80L
L0882,2026-07-19 07:19:38,Instagram,Saravanampatti,Plot," 3,206,252.00 ",1,Not Connected,Yes,No,Follow-up,,30L-50L
L0883,2026-07-19 12:45:24,Website,Ramanathapuram,Apartment," 5,987,553.00 ",2,Connected,No,No,Lost,,50L-80L
L0884,2026-07-19 18:11:10,Website,panneermadai,Apartment," 3,830,326.00 ",4,Connected,Yes,No,Follow-up,,30L-50L
L0885,2026-07-19 23:36:56,Property Portal,Thudiyalur,Apartment," 4,818,904.00 ",2,Not Connected,No,No,Lost,,30L-50L
L0886,2026-07-20 05:02:42,Website,periyanayakanpalayam,Plot," 3,894,802.00 ",4,Connected,No,No,Lost,,30L-50L
L0887,2026-07-20 10:28:28,Instagram,Thudiyalur,Apartment," 5,314,812.00 ",2,Not Connected,No,No,Lost,,50L-80L
L0888,2026-07-20 15:54:14,Google,Thudiyalur,Apartment," 4,008,314.00 ",4,Connected,No,No,Lost,,30L-50L
L0889,2026-07-20 21:20:00,Website,Ramanathapuram,Plot," 1,938,963.00 ",1,Not Connected,No,No,Lost,,Below 30L
L0890,2026-07-21 02:45:46,Google,Saravanampatti,Plot," 5,201,905.00 ",5,Connected,No,Yes,Lost,,50L-80L
L0891,2026-07-21 08:11:32,Instagram,Thudiyalur,Apartment," 8,602,883.00 ",2,Connected,Yes,Yes,Follow-up,,80L-1.2Cr
L0892,2026-07-21 13:37:18,Property Portal,Coimbatore,Villa," 7,699,660.00 ",2,Not Connected,No,No,Lost,,50L-80L
L0893,2026-07-21 19:03:04,Property Portal,panneermadai,Villa," 9,328,412.00 ",2,Connected,Yes,No,Follow-up,,80L-1.2Cr
L0894,2026-07-22 00:28:50,Google,Thudiyalur,Villa," 13,939,984.00 ",2,Connected,No,Yes,Lost,,Above 1.2Cr
L0895,2026-07-22 05:54:36,Instagram,periyanayakanpalayam,Apartment," 6,069,187.00 ",6,Connected,Yes,Yes,Converted,6150000,50L-80L
L0896,2026-07-22 11:20:22,Google,Ramanathapuram,Plot," 2,347,405.00 ",1,Connected,Yes,Yes,Converted,2400000,Below 30L
L0897,2026-07-22 16:46:08,Google,Ramanathapuram,Apartment," 3,828,854.00 ",1,Not Connected,Yes,Yes,Follow-up,,30L-50L
L0898,2026-07-22 22:11:54,Property Portal,Thudiyalur,Apartment," 8,468,922.00 ",3,Not Connected,Yes,No,Follow-up,,80L-1.2Cr
L0899,2026-07-23 03:37:39,Website,Coimbatore,Apartment," 7,882,297.00 ",2,Connected,Yes,No,Converted,7950000,50L-80L
L0900,2026-07-23 09:03:25,Website,panneermadai,Apartment," 3,410,226.00 ",3,Connected,No,No,Lost,,30L-50L
L0901,2026-07-23 14:29:11,Google,periyanayakanpalayam,Apartment," 6,235,595.00 ",3,Connected,No,Yes,Lost,,50L-80L
L0902,2026-07-23 19:54:57,Website,Thudiyalur,Villa," 9,156,736.00 ",2,Connected,Yes,Yes,Follow-up,,80L-1.2Cr
L0903,2026-07-24 01:20:43,Website,panneermadai,Apartment," 3,131,562.00 ",5,Not Connected,No,No,Lost,,30L-50L
L0904,2026-07-24 06:46:29,Instagram,Thudiyalur,Apartment," 3,642,510.00 ",2,Connected,No,No,Lost,,30L-50L
L0905,2026-07-24 12:12:15,Facebook,panneermadai,Apartment," 3,258,360.00 ",1,Connected,Yes,No,Follow-up,,30L-50L
L0906,2026-07-24 17:38:01,Property Portal,Thudiyalur,Apartment," 3,296,794.00 ",4,Connected,No,Yes,Converted,3100000,30L-50L
L0907,2026-07-24 23:03:47,Property Portal,Saravanampatti,Plot," 3,628,178.00 ",3,Not Connected,Yes,No,Follow-up,,30L-50L
L0908,2026-07-25 04:29:33,Google,Coimbatore,Apartment," 4,274,535.00 ",2,Not Connected,No,No,Lost,,30L-50L
L0909,2026-07-25 09:55:19,Google,Coimbatore,Apartment," 4,488,303.00 ",3,Connected,Yes,Yes,Follow-up,,30L-50L
L0910,2026-07-25 15:21:05,Google,Thudiyalur,Apartment," 6,304,934.00 ",1,Connected,No,No,Lost,,50L-80L
L0911,2026-07-25 20:46:51,Instagram,Coimbatore,Apartment," 3,463,092.00 ",2,Not Connected,Yes,No,Follow-up,,30L-50L
L0912,2026-07-26 02:12:37,Google,Saravanampatti,Apartment," 5,982,527.00 ",5,Connected,Yes,Yes,Converted,5800000,50L-80L
L0913,2026-07-26 07:38:23,Instagram,Saravanampatti,Villa," 8,060,583.00 ",1,Connected,Yes,No,Follow-up,,80L-1.2Cr
L0914,2026-07-26 13:04:09,Facebook,Coimbatore,Plot," 4,652,301.00 ",2,Connected,Yes,Yes,Follow-up,,30L-50L
L0915,2026-07-26 18:29:55,Facebook,periyanayakanpalayam,Apartment," 3,440,420.00 ",4,Connected,No,No,Lost,,30L-50L
L0916,2026-07-26 23:55:41,Facebook,Ramanathapuram,Villa," 13,640,028.00 ",6,Connected,Yes,No,Follow-up,,Above 1.2Cr
L0917,2026-07-27 05:21:26,Google,Saravanampatti,Villa," 8,654,537.00 ",2,Connected,Yes,Yes,Converted,8100000,80L-1.2Cr
L0918,2026-07-27 10:47:12,Referral,periyanayakanpalayam,Plot," 2,347,929.00 ",3,Connected,Yes,No,Follow-up,,Below 30L
L0919,2026-07-27 16:12:58,Property Portal,Coimbatore,Apartment," 3,624,773.00 ",3,Connected,Yes,Yes,Follow-up,,30L-50L
L0920,2026-07-27 21:38:44,Website,Coimbatore,Apartment," 8,178,333.00 ",5,Connected,Yes,No,Converted,8400000,80L-1.2Cr
L0921,2026-07-28 03:04:30,Property Portal,Ramanathapuram,Apartment," 4,587,981.00 ",5,Connected,Yes,No,Follow-up,,30L-50L
L0922,2026-07-28 08:30:16,Facebook,Thudiyalur,Villa," 6,789,313.00 ",1,Not Connected,No,No,Lost,,50L-80L
L0923,2026-07-28 13:56:02,Property Portal,Ramanathapuram,Plot," 7,495,991.00 ",2,Connected,Yes,No,Converted,7550000,50L-80L
L0924,2026-07-28 19:21:48,Property Portal,Coimbatore,Apartment," 6,024,961.00 ",2,Connected,Yes,No,Follow-up,,50L-80L
L0925,2026-07-29 00:47:34,Facebook,panneermadai,Apartment," 3,831,633.00 ",4,Connected,Yes,Yes,Follow-up,,30L-50L
L0926,2026-07-29 06:13:20,Website,Thudiyalur,Plot," 4,369,972.00 ",3,Connected,Yes,No,Follow-up,,30L-50L
L0927,2026-07-29 11:39:06,Google,periyanayakanpalayam,Plot," 2,336,642.00 ",3,Connected,Yes,No,Follow-up,,Below 30L
L0928,2026-07-29 17:04:52,Facebook,periyanayakanpalayam,Plot," 5,022,500.00 ",6,Connected,Yes,Yes,Follow-up,,50L-80L
L0929,2026-07-29 22:30:38,Instagram,Ramanathapuram,Villa," 7,634,224.00 ",1,Connected,No,No,Lost,,50L-80L
L0930,2026-07-30 03:56:24,Google,Thudiyalur,Apartment," 7,371,906.00 ",1,Not Connected,Yes,No,Follow-up,,50L-80L
L0931,2026-07-30 09:22:10,Website,periyanayakanpalayam,Villa," 17,334,754.00 ",2,Connected,No,No,Lost,,Above 1.2Cr
L0932,2026-07-30 14:47:56,Property Portal,periyanayakanpalayam,Villa," 11,840,183.00 ",2,Not Connected,No,No,Lost,,80L-1.2Cr
L0933,2026-07-30 20:13:42,Referral,periyanayakanpalayam,Apartment," 4,495,567.00 ",1,Connected,No,No,Lost,,30L-50L
L0934,2026-07-31 01:39:28,Facebook,Ramanathapuram,Apartment," 4,484,416.00 ",1,Connected,Yes,Yes,Follow-up,,30L-50L
L0935,2026-07-31 07:05:14,Website,Ramanathapuram,Villa," 8,396,640.00 ",3,Connected,No,Yes,Converted,8300000,80L-1.2Cr
L0936,2026-07-31 12:30:59,Google,panneermadai,Apartment," 3,703,335.00 ",5,Connected,Yes,No,Follow-up,,30L-50L
L0937,2026-07-31 17:56:45,Website,Thudiyalur,Villa," 7,925,464.00 ",3,Not Connected,No,No,Lost,,50L-80L
L0938,2026-07-31 23:22:31,Referral,panneermadai,Villa," 8,933,798.00 ",3,Not Connected,Yes,No,Follow-up,,80L-1.2Cr
L0939,2026-08-01 04:48:17,Website,periyanayakanpalayam,Plot," 3,800,608.00 ",2,Connected,No,Yes,Lost,,30L-50L
L0940,2026-08-01 10:14:03,Facebook,Thudiyalur,Apartment," 4,845,579.00 ",4,Connected,Yes,Yes,Follow-up,,30L-50L
L0941,2026-08-01 15:39:49,Google,Thudiyalur,Apartment," 3,902,153.00 ",4,Not Connected,Yes,No,Follow-up,,30L-50L
L0942,2026-08-01 21:05:35,Facebook,Coimbatore,Villa," 9,047,572.00 ",3,Connected,No,No,Lost,,80L-1.2Cr
L0943,2026-08-02 02:31:21,Instagram,panneermadai,Apartment," 6,427,768.00 ",1,Not Connected,Yes,No,Follow-up,,50L-80L
L0944,2026-08-02 07:57:07,Property Portal,Ramanathapuram,Villa," 7,471,816.00 ",1,Not Connected,Yes,No,Follow-up,,50L-80L
L0945,2026-08-02 13:22:53,Google,panneermadai,Villa," 11,646,244.00 ",1,Not Connected,Yes,Yes,Converted,11250000,80L-1.2Cr
L0946,2026-08-02 18:48:39,Website,periyanayakanpalayam,Apartment," 6,301,737.00 ",3,Connected,No,Yes,Lost,,50L-80L
L0947,2026-08-03 00:14:25,Website,periyanayakanpalayam,Apartment," 3,333,977.00 ",4,Connected,Yes,Yes,Converted,3150000,30L-50L
L0948,2026-08-03 05:40:11,Referral,Thudiyalur,Apartment," 8,490,243.00 ",5,Connected,Yes,Yes,Converted,7950000,80L-1.2Cr
L0949,2026-08-03 11:05:57,Property Portal,Coimbatore,Apartment," 4,596,503.00 ",2,Not Connected,No,No,Lost,,30L-50L
L0950,2026-08-03 16:31:43,Instagram,Coimbatore,Plot," 3,432,207.00 ",4,Connected,No,No,Lost,,30L-50L
L0951,2026-08-03 21:57:29,Instagram,Thudiyalur,Plot," 4,527,554.00 ",5,Connected,Yes,No,Follow-up,,30L-50L
L0952,2026-08-04 03:23:15,Instagram,Thudiyalur,Villa," 10,178,084.00 ",2,Connected,Yes,No,Follow-up,,80L-1.2Cr
L0953,2026-08-04 08:49:01,Website,periyanayakanpalayam,Villa," 17,876,925.00 ",2,Connected,No,No,Lost,,Above 1.2Cr
L0954,2026-08-04 14:14:46,Referral,Ramanathapuram,Apartment," 4,310,786.00 ",5,Connected,Yes,Yes,Follow-up,,30L-50L
L0955,2026-08-04 19:40:32,Facebook,Saravanampatti,Plot," 2,031,821.00 ",2,Connected,No,No,Lost,,Below 30L
L0956,2026-08-05 01:06:18,Google,Saravanampatti,Villa," 7,426,548.00 ",5,Connected,No,No,Lost,,50L-80L
L0957,2026-08-05 06:32:04,Facebook,Ramanathapuram,Villa," 7,846,780.00 ",6,Connected,No,Yes,Converted,8200000,50L-80L
L0958,2026-08-05 11:57:50,Website,Coimbatore,Plot," 1,750,231.00 ",3,Not Connected,No,No,Lost,,Below 30L
L0959,2026-08-05 17:23:36,Website,Ramanathapuram,Apartment," 3,541,220.00 ",4,Connected,Yes,Yes,Converted,3350000,30L-50L
L0960,2026-08-05 22:49:22,Property Portal,panneermadai,Plot," 2,478,935.00 ",4,Connected,Yes,Yes,Follow-up,,Below 30L
L0961,2026-08-06 04:15:08,Website,Thudiyalur,Apartment," 3,032,966.00 ",3,Not Connected,No,No,Converted,2800000,30L-50L
L0962,2026-08-06 09:40:54,Instagram,Coimbatore,Apartment," 3,163,639.00 ",2,Connected,Yes,No,Follow-up,,30L-50L
L0963,2026-08-06 15:06:40,Google,panneermadai,Apartment," 7,591,175.00 ",1,Connected,Yes,No,Follow-up,,50L-80L
L0964,2026-08-06 20:32:26,Google,Coimbatore,Plot," 5,407,015.00 ",2,Not Connected,No,No,Lost,,50L-80L
L0965,2026-08-07 01:58:12,Google,periyanayakanpalayam,Plot," 2,347,516.00 ",3,Connected,Yes,Yes,Converted,2450000,Below 30L
L0966,2026-08-07 07:23:58,Google,periyanayakanpalayam,Villa," 8,345,156.00 ",1,Connected,No,No,Lost,,80L-1.2Cr
L0967,2026-08-07 12:49:44,Instagram,Thudiyalur,Villa," 9,571,193.00 ",1,Connected,No,No,Lost,,80L-1.2Cr
L0968,2026-08-07 18:15:30,Google,Coimbatore,Villa," 7,860,371.00 ",1,Connected,No,No,Lost,,50L-80L
L0969,2026-08-07 23:41:16,Facebook,Coimbatore,Plot," 2,987,056.00 ",4,Not Connected,Yes,Yes,Follow-up,,Below 30L
L0970,2026-08-08 05:07:02,Facebook,Thudiyalur,Apartment," 4,313,804.00 ",6,Not Connected,No,No,Converted,4300000,30L-50L
L0971,2026-08-08 10:32:48,Instagram,Thudiyalur,Apartment," 3,787,163.00 ",6,Connected,No,Yes,Converted,3900000,30L-50L
L0972,2026-08-08 15:58:34,Referral,panneermadai,Apartment," 3,263,749.00 ",2,Connected,Yes,No,Follow-up,,30L-50L
L0973,2026-08-08 21:24:19,Property Portal,Thudiyalur,Villa," 8,260,554.00 ",5,Connected,Yes,Yes,Follow-up,,80L-1.2Cr
L0974,2026-08-09 02:50:05,Google,periyanayakanpalayam,Villa," 8,919,008.00 ",4,Connected,No,No,Lost,,80L-1.2Cr
L0975,2026-08-09 08:15:51,Website,Coimbatore,Apartment," 5,923,062.00 ",3,Connected,No,No,Lost,,50L-80L
L0976,2026-08-09 13:41:37,Google,Saravanampatti,Apartment," 3,509,394.00 ",3,Connected,Yes,No,Follow-up,,30L-50L
L0977,2026-08-09 19:07:23,Instagram,Thudiyalur,Plot," 3,544,062.00 ",1,Connected,Yes,No,Follow-up,,30L-50L
L0978,2026-08-10 00:33:09,Website,Coimbatore,Apartment," 4,813,560.00 ",5,Connected,Yes,No,Follow-up,,30L-50L
L0979,2026-08-10 05:58:55,Facebook,Saravanampatti,Villa," 9,084,719.00 ",2,Connected,Yes,Yes,Converted,8400000,80L-1.2Cr
L0980,2026-08-10 11:24:41,Instagram,panneermadai,Plot," 3,097,207.00 ",2,Connected,No,Yes,Lost,,30L-50L
L0981,2026-08-10 16:50:27,Google,Thudiyalur,Apartment," 4,907,822.00 ",3,Connected,No,No,Lost,,30L-50L
L0982,2026-08-10 22:16:13,Property Portal,panneermadai,Apartment," 4,018,725.00 ",2,Connected,Yes,Yes,Follow-up,,30L-50L
L0983,2026-08-11 03:41:59,Website,periyanayakanpalayam,Villa," 9,269,566.00 ",2,Connected,Yes,Yes,Converted,9200000,80L-1.2Cr
L0984,2026-08-11 09:07:45,Website,periyanayakanpalayam,Plot," 2,933,710.00 ",3,Connected,Yes,Yes,Converted,2850000,Below 30L
L0985,2026-08-11 14:33:31,Instagram,Thudiyalur,Apartment," 3,020,039.00 ",1,Not Connected,No,No,Lost,,30L-50L
L0986,2026-08-11 19:59:17,Facebook,Thudiyalur,Plot," 2,498,899.00 ",4,Not Connected,No,No,Converted,2550000,Below 30L
L0987,2026-08-12 01:25:03,Instagram,Ramanathapuram,Apartment," 4,607,793.00 ",3,Not Connected,No,No,Lost,,30L-50L
L0988,2026-08-12 06:50:49,Facebook,periyanayakanpalayam,Apartment," 4,287,116.00 ",3,Connected,Yes,No,Follow-up,,30L-50L
L0989,2026-08-12 12:16:35,Google,Coimbatore,Villa," 16,205,090.00 ",3,Connected,Yes,Yes,Follow-up,,Above 1.2Cr
L0990,2026-08-12 17:42:21,Property Portal,Ramanathapuram,Plot," 2,348,389.00 ",3,Connected,Yes,Yes,Converted,2150000,Below 30L
L0991,2026-08-12 23:08:06,Property Portal,panneermadai,Apartment," 5,358,327.00 ",3,Not Connected,No,No,Lost,,50L-80L
L0992,2026-08-13 04:33:52,Instagram,Thudiyalur,Plot," 5,150,654.00 ",3,Connected,Yes,No,Follow-up,,50L-80L
L0993,2026-08-13 09:59:38,Google,Ramanathapuram,Villa," 8,488,144.00 ",4,Not Connected,Yes,No,Follow-up,,80L-1.2Cr
L0994,2026-08-13 15:25:24,Instagram,Thudiyalur,Apartment," 5,886,827.00 ",4,Connected,Yes,No,Follow-up,,50L-80L
L0995,2026-08-13 20:51:10,Google,panneermadai,Apartment," 5,891,731.00 ",5,Not Connected,No,No,Lost,,50L-80L
L0996,2026-08-14 02:16:56,Website,Ramanathapuram,Plot," 2,394,235.00 ",1,Not Connected,No,No,Lost,,Below 30L
L0997,2026-08-14 07:42:42,Referral,Saravanampatti,Apartment," 4,886,214.00 ",2,Connected,No,No,Lost,,30L-50L
L0998,2026-08-14 13:08:28,Website,Thudiyalur,Apartment," 3,416,690.00 ",5,Connected,No,No,Lost,,30L-50L
L0999,2026-08-14 18:34:14,Referral,Thudiyalur,Apartment," 6,652,118.00 ",2,Connected,Yes,No,Follow-up,,50L-80L
L1000,2026-08-15 00:00:00,Facebook,Coimbatore,Plot," 4,547,486.00 ",1,Connected,Yes,No,Follow-up,,30L-50L
